-- phpMyAdmin SQL Dump
-- version 5.2.1
-- https://www.phpmyadmin.net/
--
-- Host: localhost
-- Generation Time: Apr 25, 2026 at 06:56 PM
-- Server version: 10.4.28-MariaDB
-- PHP Version: 8.0.28

SET SQL_MODE = "NO_AUTO_VALUE_ON_ZERO";
START TRANSACTION;
SET time_zone = "+00:00";


/*!40101 SET @OLD_CHARACTER_SET_CLIENT=@@CHARACTER_SET_CLIENT */;
/*!40101 SET @OLD_CHARACTER_SET_RESULTS=@@CHARACTER_SET_RESULTS */;
/*!40101 SET @OLD_COLLATION_CONNECTION=@@COLLATION_CONNECTION */;
/*!40101 SET NAMES utf8mb4 */;

--
-- Database: `tec_sis`
--

-- --------------------------------------------------------

--
-- Table structure for table `assignments`
--

CREATE TABLE `assignments` (
  `id` int(11) NOT NULL,
  `mark_id` int(11) NOT NULL,
  `assignment_no` tinyint(4) NOT NULL,
  `assignment_mark` decimal(5,2) NOT NULL DEFAULT 0.00,
  `status` enum('PENDING','SUBMITTED','NOT_SUBMITTED','MEDICAL') NOT NULL DEFAULT 'PENDING',
  `created_at` timestamp NOT NULL DEFAULT current_timestamp(),
  `updated_at` timestamp NOT NULL DEFAULT current_timestamp() ON UPDATE current_timestamp()
) ;

--
-- Dumping data for table `assignments`
--

INSERT INTO `assignments` (`id`, `mark_id`, `assignment_no`, `assignment_mark`, `status`, `created_at`, `updated_at`) VALUES
(1, 1, 1, 59.00, 'SUBMITTED', '2026-04-08 12:20:53', '2026-04-08 12:20:53'),
(2, 10, 1, 72.00, 'SUBMITTED', '2026-04-08 12:20:53', '2026-04-08 12:20:53'),
(3, 19, 1, 85.00, 'SUBMITTED', '2026-04-08 12:20:53', '2026-04-08 12:20:53'),
(4, 28, 1, 57.00, 'SUBMITTED', '2026-04-08 12:20:53', '2026-04-08 12:20:53'),
(5, 37, 1, 70.00, 'SUBMITTED', '2026-04-08 12:20:53', '2026-04-08 12:20:53'),
(6, 46, 1, 83.00, 'SUBMITTED', '2026-04-08 12:20:53', '2026-04-08 12:20:53'),
(7, 55, 1, 55.00, 'SUBMITTED', '2026-04-08 12:20:53', '2026-04-08 12:20:53'),
(8, 64, 1, 68.00, 'SUBMITTED', '2026-04-08 12:20:53', '2026-04-08 12:20:53'),
(9, 73, 1, 81.00, 'SUBMITTED', '2026-04-08 12:20:53', '2026-04-08 12:20:53'),
(10, 82, 1, 53.00, 'SUBMITTED', '2026-04-08 12:20:53', '2026-04-08 12:20:53'),
(11, 91, 1, 66.00, 'SUBMITTED', '2026-04-08 12:20:53', '2026-04-08 12:20:53'),
(12, 100, 1, 79.00, 'SUBMITTED', '2026-04-08 12:20:53', '2026-04-08 12:20:53'),
(13, 109, 1, 51.00, 'SUBMITTED', '2026-04-08 12:20:53', '2026-04-08 12:20:53'),
(14, 118, 1, 64.00, 'SUBMITTED', '2026-04-08 12:20:53', '2026-04-08 12:20:53'),
(15, 127, 1, 77.00, 'SUBMITTED', '2026-04-08 12:20:53', '2026-04-08 12:20:53'),
(16, 136, 1, 49.00, 'SUBMITTED', '2026-04-08 12:20:53', '2026-04-08 12:20:53'),
(17, 145, 1, 62.00, 'SUBMITTED', '2026-04-08 12:20:53', '2026-04-08 12:20:53'),
(18, 154, 1, 75.00, 'SUBMITTED', '2026-04-08 12:20:53', '2026-04-08 12:20:53'),
(19, 163, 1, 88.00, 'SUBMITTED', '2026-04-08 12:20:53', '2026-04-08 12:20:53'),
(20, 172, 1, 60.00, 'SUBMITTED', '2026-04-08 12:20:53', '2026-04-08 12:20:53'),
(21, 2, 1, 65.00, 'SUBMITTED', '2026-04-08 12:20:53', '2026-04-08 12:20:53'),
(22, 11, 1, 78.00, 'SUBMITTED', '2026-04-08 12:20:53', '2026-04-08 12:20:53'),
(23, 20, 1, 50.00, 'SUBMITTED', '2026-04-08 12:20:53', '2026-04-08 12:20:53'),
(24, 29, 1, 63.00, 'SUBMITTED', '2026-04-08 12:20:53', '2026-04-08 12:20:53'),
(25, 38, 1, 76.00, 'SUBMITTED', '2026-04-08 12:20:53', '2026-04-08 12:20:53'),
(26, 47, 1, 48.00, 'SUBMITTED', '2026-04-08 12:20:53', '2026-04-08 12:20:53'),
(27, 56, 1, 61.00, 'SUBMITTED', '2026-04-08 12:20:53', '2026-04-08 12:20:53'),
(28, 65, 1, 74.00, 'SUBMITTED', '2026-04-08 12:20:53', '2026-04-08 12:20:53'),
(29, 74, 1, 87.00, 'SUBMITTED', '2026-04-08 12:20:53', '2026-04-08 12:20:53'),
(30, 83, 1, 59.00, 'SUBMITTED', '2026-04-08 12:20:53', '2026-04-08 12:20:53'),
(31, 92, 1, 72.00, 'SUBMITTED', '2026-04-08 12:20:53', '2026-04-08 12:20:53'),
(32, 101, 1, 85.00, 'SUBMITTED', '2026-04-08 12:20:53', '2026-04-08 12:20:53'),
(33, 110, 1, 57.00, 'SUBMITTED', '2026-04-08 12:20:53', '2026-04-08 12:20:53'),
(34, 119, 1, 70.00, 'SUBMITTED', '2026-04-08 12:20:53', '2026-04-08 12:20:53'),
(35, 128, 1, 83.00, 'SUBMITTED', '2026-04-08 12:20:53', '2026-04-08 12:20:53'),
(36, 137, 1, 55.00, 'SUBMITTED', '2026-04-08 12:20:53', '2026-04-08 12:20:53'),
(37, 146, 1, 68.00, 'SUBMITTED', '2026-04-08 12:20:53', '2026-04-08 12:20:53'),
(38, 155, 1, 81.00, 'SUBMITTED', '2026-04-08 12:20:53', '2026-04-08 12:20:53'),
(39, 164, 1, 53.00, 'SUBMITTED', '2026-04-08 12:20:53', '2026-04-08 12:20:53'),
(40, 173, 1, 66.00, 'SUBMITTED', '2026-04-08 12:20:53', '2026-04-08 12:20:53'),
(41, 3, 1, 71.00, 'SUBMITTED', '2026-04-08 12:20:53', '2026-04-08 12:20:53'),
(42, 12, 1, 84.00, 'SUBMITTED', '2026-04-08 12:20:53', '2026-04-08 12:20:53'),
(43, 21, 1, 56.00, 'SUBMITTED', '2026-04-08 12:20:53', '2026-04-08 12:20:53'),
(44, 30, 1, 69.00, 'SUBMITTED', '2026-04-08 12:20:53', '2026-04-08 12:20:53'),
(45, 39, 1, 82.00, 'SUBMITTED', '2026-04-08 12:20:53', '2026-04-08 12:20:53'),
(46, 48, 1, 54.00, 'SUBMITTED', '2026-04-08 12:20:53', '2026-04-08 12:20:53'),
(47, 57, 1, 67.00, 'SUBMITTED', '2026-04-08 12:20:53', '2026-04-08 12:20:53'),
(48, 66, 1, 80.00, 'SUBMITTED', '2026-04-08 12:20:53', '2026-04-08 12:20:53'),
(49, 75, 1, 52.00, 'SUBMITTED', '2026-04-08 12:20:53', '2026-04-08 12:20:53'),
(50, 84, 1, 65.00, 'SUBMITTED', '2026-04-08 12:20:53', '2026-04-08 12:20:53'),
(51, 93, 1, 78.00, 'SUBMITTED', '2026-04-08 12:20:53', '2026-04-08 12:20:53'),
(52, 102, 1, 50.00, 'SUBMITTED', '2026-04-08 12:20:53', '2026-04-08 12:20:53'),
(53, 111, 1, 63.00, 'SUBMITTED', '2026-04-08 12:20:53', '2026-04-08 12:20:53'),
(54, 120, 1, 76.00, 'SUBMITTED', '2026-04-08 12:20:53', '2026-04-08 12:20:53'),
(55, 129, 1, 48.00, 'SUBMITTED', '2026-04-08 12:20:53', '2026-04-08 12:20:53'),
(56, 138, 1, 61.00, 'SUBMITTED', '2026-04-08 12:20:53', '2026-04-08 12:20:53'),
(57, 147, 1, 74.00, 'SUBMITTED', '2026-04-08 12:20:53', '2026-04-08 12:20:53'),
(58, 156, 1, 87.00, 'SUBMITTED', '2026-04-08 12:20:53', '2026-04-08 12:20:53'),
(59, 165, 1, 59.00, 'SUBMITTED', '2026-04-08 12:20:53', '2026-04-08 12:20:53'),
(60, 174, 1, 72.00, 'SUBMITTED', '2026-04-08 12:20:53', '2026-04-08 12:20:53'),
(61, 4, 1, 77.00, 'SUBMITTED', '2026-04-08 12:20:53', '2026-04-08 12:20:53'),
(62, 13, 1, 49.00, 'SUBMITTED', '2026-04-08 12:20:53', '2026-04-08 12:20:53'),
(63, 22, 1, 62.00, 'SUBMITTED', '2026-04-08 12:20:53', '2026-04-08 12:20:53'),
(64, 31, 1, 75.00, 'SUBMITTED', '2026-04-08 12:20:53', '2026-04-08 12:20:53'),
(65, 40, 1, 88.00, 'SUBMITTED', '2026-04-08 12:20:53', '2026-04-08 12:20:53'),
(66, 49, 1, 60.00, 'SUBMITTED', '2026-04-08 12:20:53', '2026-04-08 12:20:53'),
(67, 58, 1, 73.00, 'SUBMITTED', '2026-04-08 12:20:53', '2026-04-08 12:20:53'),
(68, 67, 1, 86.00, 'SUBMITTED', '2026-04-08 12:20:53', '2026-04-08 12:20:53'),
(69, 76, 1, 58.00, 'SUBMITTED', '2026-04-08 12:20:53', '2026-04-08 12:20:53'),
(70, 85, 1, 71.00, 'SUBMITTED', '2026-04-08 12:20:53', '2026-04-08 12:20:53'),
(71, 94, 1, 84.00, 'SUBMITTED', '2026-04-08 12:20:53', '2026-04-08 12:20:53'),
(72, 103, 1, 56.00, 'SUBMITTED', '2026-04-08 12:20:53', '2026-04-08 12:20:53'),
(73, 112, 1, 69.00, 'SUBMITTED', '2026-04-08 12:20:53', '2026-04-08 12:20:53'),
(74, 121, 1, 82.00, 'SUBMITTED', '2026-04-08 12:20:53', '2026-04-08 12:20:53'),
(75, 130, 1, 54.00, 'SUBMITTED', '2026-04-08 12:20:53', '2026-04-08 12:20:53'),
(76, 139, 1, 67.00, 'SUBMITTED', '2026-04-08 12:20:53', '2026-04-08 12:20:53'),
(77, 148, 1, 80.00, 'SUBMITTED', '2026-04-08 12:20:53', '2026-04-08 12:20:53'),
(78, 157, 1, 52.00, 'SUBMITTED', '2026-04-08 12:20:53', '2026-04-08 12:20:53'),
(79, 166, 1, 65.00, 'SUBMITTED', '2026-04-08 12:20:53', '2026-04-08 12:20:53'),
(80, 175, 1, 78.00, 'SUBMITTED', '2026-04-08 12:20:53', '2026-04-08 12:20:53'),
(81, 5, 1, 83.00, 'SUBMITTED', '2026-04-08 12:20:53', '2026-04-08 12:20:53'),
(82, 14, 1, 55.00, 'SUBMITTED', '2026-04-08 12:20:53', '2026-04-08 12:20:53'),
(83, 23, 1, 68.00, 'SUBMITTED', '2026-04-08 12:20:53', '2026-04-08 12:20:53'),
(84, 32, 1, 81.00, 'SUBMITTED', '2026-04-08 12:20:53', '2026-04-08 12:20:53'),
(85, 41, 1, 53.00, 'SUBMITTED', '2026-04-08 12:20:53', '2026-04-08 12:20:53'),
(86, 50, 1, 66.00, 'SUBMITTED', '2026-04-08 12:20:53', '2026-04-08 12:20:53'),
(87, 59, 1, 79.00, 'SUBMITTED', '2026-04-08 12:20:53', '2026-04-08 12:20:53'),
(88, 68, 1, 51.00, 'SUBMITTED', '2026-04-08 12:20:53', '2026-04-08 12:20:53'),
(89, 77, 1, 64.00, 'SUBMITTED', '2026-04-08 12:20:53', '2026-04-08 12:20:53'),
(90, 86, 1, 77.00, 'SUBMITTED', '2026-04-08 12:20:53', '2026-04-08 12:20:53'),
(91, 95, 1, 49.00, 'SUBMITTED', '2026-04-08 12:20:53', '2026-04-08 12:20:53'),
(92, 104, 1, 62.00, 'SUBMITTED', '2026-04-08 12:20:53', '2026-04-08 12:20:53'),
(93, 113, 1, 75.00, 'SUBMITTED', '2026-04-08 12:20:53', '2026-04-08 12:20:53'),
(94, 122, 1, 88.00, 'SUBMITTED', '2026-04-08 12:20:53', '2026-04-08 12:20:53'),
(95, 131, 1, 60.00, 'SUBMITTED', '2026-04-08 12:20:53', '2026-04-08 12:20:53'),
(96, 140, 1, 73.00, 'SUBMITTED', '2026-04-08 12:20:53', '2026-04-08 12:20:53'),
(97, 149, 1, 86.00, 'SUBMITTED', '2026-04-08 12:20:53', '2026-04-08 12:20:53'),
(98, 158, 1, 58.00, 'SUBMITTED', '2026-04-08 12:20:53', '2026-04-08 12:20:53'),
(99, 167, 1, 71.00, 'SUBMITTED', '2026-04-08 12:20:53', '2026-04-08 12:20:53'),
(100, 176, 1, 84.00, 'SUBMITTED', '2026-04-08 12:20:53', '2026-04-08 12:20:53'),
(101, 6, 1, 48.00, 'SUBMITTED', '2026-04-08 12:20:53', '2026-04-08 12:20:53'),
(102, 15, 1, 61.00, 'SUBMITTED', '2026-04-08 12:20:53', '2026-04-08 12:20:53'),
(103, 24, 1, 74.00, 'SUBMITTED', '2026-04-08 12:20:53', '2026-04-08 12:20:53'),
(104, 33, 1, 87.00, 'SUBMITTED', '2026-04-08 12:20:53', '2026-04-08 12:20:53'),
(105, 42, 1, 59.00, 'SUBMITTED', '2026-04-08 12:20:53', '2026-04-08 12:20:53'),
(106, 51, 1, 72.00, 'SUBMITTED', '2026-04-08 12:20:53', '2026-04-08 12:20:53'),
(107, 60, 1, 85.00, 'SUBMITTED', '2026-04-08 12:20:53', '2026-04-08 12:20:53'),
(108, 69, 1, 57.00, 'SUBMITTED', '2026-04-08 12:20:53', '2026-04-08 12:20:53'),
(109, 78, 1, 70.00, 'SUBMITTED', '2026-04-08 12:20:53', '2026-04-08 12:20:53'),
(110, 87, 1, 83.00, 'SUBMITTED', '2026-04-08 12:20:53', '2026-04-08 12:20:53'),
(111, 96, 1, 55.00, 'SUBMITTED', '2026-04-08 12:20:53', '2026-04-08 12:20:53'),
(112, 105, 1, 68.00, 'SUBMITTED', '2026-04-08 12:20:53', '2026-04-08 12:20:53'),
(113, 114, 1, 81.00, 'SUBMITTED', '2026-04-08 12:20:53', '2026-04-08 12:20:53'),
(114, 123, 1, 53.00, 'SUBMITTED', '2026-04-08 12:20:53', '2026-04-08 12:20:53'),
(115, 132, 1, 66.00, 'SUBMITTED', '2026-04-08 12:20:53', '2026-04-08 12:20:53'),
(116, 141, 1, 79.00, 'SUBMITTED', '2026-04-08 12:20:53', '2026-04-08 12:20:53'),
(117, 150, 1, 51.00, 'SUBMITTED', '2026-04-08 12:20:53', '2026-04-08 12:20:53'),
(118, 159, 1, 64.00, 'SUBMITTED', '2026-04-08 12:20:53', '2026-04-08 12:20:53'),
(119, 168, 1, 77.00, 'SUBMITTED', '2026-04-08 12:20:53', '2026-04-08 12:20:53'),
(120, 177, 1, 49.00, 'SUBMITTED', '2026-04-08 12:20:53', '2026-04-08 12:20:53'),
(121, 7, 1, 54.00, 'SUBMITTED', '2026-04-08 12:20:53', '2026-04-08 12:20:53'),
(122, 16, 1, 67.00, 'SUBMITTED', '2026-04-08 12:20:53', '2026-04-08 12:20:53'),
(123, 25, 1, 80.00, 'SUBMITTED', '2026-04-08 12:20:53', '2026-04-08 12:20:53'),
(124, 34, 1, 52.00, 'SUBMITTED', '2026-04-08 12:20:53', '2026-04-08 12:20:53'),
(125, 43, 1, 65.00, 'SUBMITTED', '2026-04-08 12:20:53', '2026-04-08 12:20:53'),
(126, 52, 1, 78.00, 'SUBMITTED', '2026-04-08 12:20:53', '2026-04-08 12:20:53'),
(127, 61, 1, 50.00, 'SUBMITTED', '2026-04-08 12:20:53', '2026-04-08 12:20:53'),
(128, 70, 1, 63.00, 'SUBMITTED', '2026-04-08 12:20:53', '2026-04-08 12:20:53'),
(129, 79, 1, 76.00, 'SUBMITTED', '2026-04-08 12:20:53', '2026-04-08 12:20:53'),
(130, 88, 1, 48.00, 'SUBMITTED', '2026-04-08 12:20:53', '2026-04-08 12:20:53'),
(131, 97, 1, 61.00, 'SUBMITTED', '2026-04-08 12:20:53', '2026-04-08 12:20:53'),
(132, 106, 1, 74.00, 'SUBMITTED', '2026-04-08 12:20:53', '2026-04-08 12:20:53'),
(133, 115, 1, 87.00, 'SUBMITTED', '2026-04-08 12:20:53', '2026-04-08 12:20:53'),
(134, 124, 1, 59.00, 'SUBMITTED', '2026-04-08 12:20:53', '2026-04-08 12:20:53'),
(135, 133, 1, 72.00, 'SUBMITTED', '2026-04-08 12:20:53', '2026-04-08 12:20:53'),
(136, 142, 1, 85.00, 'SUBMITTED', '2026-04-08 12:20:53', '2026-04-08 12:20:53'),
(137, 151, 1, 57.00, 'SUBMITTED', '2026-04-08 12:20:53', '2026-04-08 12:20:53'),
(138, 160, 1, 70.00, 'SUBMITTED', '2026-04-08 12:20:53', '2026-04-08 12:20:53'),
(139, 169, 1, 83.00, 'SUBMITTED', '2026-04-08 12:20:53', '2026-04-08 12:20:53'),
(140, 178, 1, 55.00, 'SUBMITTED', '2026-04-08 12:20:53', '2026-04-08 12:20:53'),
(141, 8, 1, 60.00, 'SUBMITTED', '2026-04-08 12:20:53', '2026-04-08 12:20:53'),
(142, 17, 1, 73.00, 'SUBMITTED', '2026-04-08 12:20:53', '2026-04-08 12:20:53'),
(143, 26, 1, 86.00, 'SUBMITTED', '2026-04-08 12:20:53', '2026-04-08 12:20:53'),
(144, 35, 1, 58.00, 'SUBMITTED', '2026-04-08 12:20:53', '2026-04-08 12:20:53'),
(145, 44, 1, 71.00, 'SUBMITTED', '2026-04-08 12:20:53', '2026-04-08 12:20:53'),
(146, 53, 1, 84.00, 'SUBMITTED', '2026-04-08 12:20:53', '2026-04-08 12:20:53'),
(147, 62, 1, 56.00, 'SUBMITTED', '2026-04-08 12:20:53', '2026-04-08 12:20:53'),
(148, 71, 1, 69.00, 'SUBMITTED', '2026-04-08 12:20:53', '2026-04-08 12:20:53'),
(149, 80, 1, 82.00, 'SUBMITTED', '2026-04-08 12:20:53', '2026-04-08 12:20:53'),
(150, 89, 1, 54.00, 'SUBMITTED', '2026-04-08 12:20:53', '2026-04-08 12:20:53'),
(151, 98, 1, 67.00, 'SUBMITTED', '2026-04-08 12:20:53', '2026-04-08 12:20:53'),
(152, 107, 1, 80.00, 'SUBMITTED', '2026-04-08 12:20:53', '2026-04-08 12:20:53'),
(153, 116, 1, 52.00, 'SUBMITTED', '2026-04-08 12:20:53', '2026-04-08 12:20:53'),
(154, 125, 1, 65.00, 'SUBMITTED', '2026-04-08 12:20:53', '2026-04-08 12:20:53'),
(155, 134, 1, 78.00, 'SUBMITTED', '2026-04-08 12:20:53', '2026-04-08 12:20:53'),
(156, 143, 1, 50.00, 'SUBMITTED', '2026-04-08 12:20:53', '2026-04-08 12:20:53'),
(157, 152, 1, 63.00, 'SUBMITTED', '2026-04-08 12:20:53', '2026-04-08 12:20:53'),
(158, 161, 1, 76.00, 'SUBMITTED', '2026-04-08 12:20:53', '2026-04-08 12:20:53'),
(159, 170, 1, 48.00, 'SUBMITTED', '2026-04-08 12:20:53', '2026-04-08 12:20:53'),
(160, 179, 1, 61.00, 'SUBMITTED', '2026-04-08 12:20:53', '2026-04-08 12:20:53');

-- --------------------------------------------------------

--
-- Table structure for table `attendance`
--

CREATE TABLE `attendance` (
  `id` int(11) NOT NULL,
  `student_reg_no` varchar(20) NOT NULL,
  `session_id` int(11) NOT NULL,
  `attendance_status` enum('PRESENT','ABSENT','MEDICAL') NOT NULL,
  `marked_by` int(11) NOT NULL,
  `marked_at` timestamp NOT NULL DEFAULT current_timestamp(),
  `remarks` varchar(255) DEFAULT NULL
) ENGINE=InnoDB DEFAULT CHARSET=utf8mb4 COLLATE=utf8mb4_general_ci;

--
-- Dumping data for table `attendance`
--

INSERT INTO `attendance` (`id`, `student_reg_no`, `session_id`, `attendance_status`, `marked_by`, `marked_at`, `remarks`) VALUES
(151, 'TG/2022/001', 1, 'MEDICAL', 7, '2026-04-10 10:48:35', NULL),
(152, 'TG/2022/001', 2, 'PRESENT', 7, '2026-04-08 14:58:31', NULL),
(153, 'TG/2022/001', 3, 'MEDICAL', 7, '2026-04-10 10:28:02', NULL),
(154, 'TG/2022/001', 4, 'MEDICAL', 7, '2026-04-10 10:48:35', NULL),
(155, 'TG/2022/001', 5, 'MEDICAL', 7, '2026-04-10 10:48:35', NULL),
(156, 'TG/2022/001', 6, 'MEDICAL', 7, '2026-04-10 10:48:35', NULL),
(157, 'TG/2022/001', 7, 'MEDICAL', 7, '2026-04-10 10:48:35', NULL),
(158, 'TG/2022/001', 8, 'PRESENT', 7, '2026-04-08 14:58:31', NULL),
(159, 'TG/2022/001', 9, 'PRESENT', 7, '2026-04-08 14:58:31', NULL),
(160, 'TG/2022/001', 10, 'PRESENT', 7, '2026-04-08 14:58:31', NULL),
(161, 'TG/2022/001', 11, 'MEDICAL', 7, '2026-04-10 10:28:02', NULL),
(162, 'TG/2022/001', 12, 'PRESENT', 7, '2026-04-08 14:58:31', NULL),
(163, 'TG/2022/001', 13, 'PRESENT', 7, '2026-04-08 14:58:31', NULL),
(164, 'TG/2022/002', 1, 'PRESENT', 7, '2026-04-08 14:58:31', NULL),
(165, 'TG/2022/002', 2, 'ABSENT', 7, '2026-04-08 14:58:31', NULL),
(166, 'TG/2022/002', 3, 'PRESENT', 7, '2026-04-08 14:58:31', NULL),
(167, 'TG/2022/002', 4, 'PRESENT', 7, '2026-04-08 14:58:31', NULL),
(168, 'TG/2022/002', 5, 'ABSENT', 7, '2026-04-08 14:58:31', NULL),
(169, 'TG/2022/002', 6, 'PRESENT', 7, '2026-04-08 14:58:31', NULL),
(170, 'TG/2022/002', 7, 'PRESENT', 7, '2026-04-08 14:58:31', NULL),
(171, 'TG/2022/002', 8, 'PRESENT', 7, '2026-04-08 14:58:31', NULL),
(172, 'TG/2022/002', 9, 'PRESENT', 7, '2026-04-08 14:58:31', NULL),
(173, 'TG/2022/002', 10, 'ABSENT', 7, '2026-04-08 14:58:31', NULL),
(174, 'TG/2022/002', 11, 'PRESENT', 7, '2026-04-08 14:58:31', NULL),
(175, 'TG/2022/002', 12, 'PRESENT', 7, '2026-04-08 14:58:31', NULL),
(176, 'TG/2022/002', 13, 'PRESENT', 7, '2026-04-08 14:58:31', NULL),
(177, 'TG/2022/003', 1, 'ABSENT', 7, '2026-04-08 14:58:31', NULL),
(178, 'TG/2022/003', 2, 'ABSENT', 7, '2026-04-08 14:58:31', NULL),
(179, 'TG/2022/003', 3, 'PRESENT', 7, '2026-04-08 14:58:31', NULL),
(180, 'TG/2022/003', 4, 'ABSENT', 7, '2026-04-08 14:58:31', NULL),
(181, 'TG/2022/003', 5, 'PRESENT', 7, '2026-04-08 14:58:31', NULL),
(182, 'TG/2022/003', 6, 'ABSENT', 7, '2026-04-08 14:58:31', NULL),
(183, 'TG/2022/003', 7, 'PRESENT', 7, '2026-04-08 14:58:31', NULL),
(184, 'TG/2022/003', 8, 'ABSENT', 7, '2026-04-08 14:58:31', NULL),
(185, 'TG/2022/003', 9, 'PRESENT', 7, '2026-04-08 14:58:31', NULL),
(186, 'TG/2022/003', 10, 'ABSENT', 7, '2026-04-08 14:58:31', NULL),
(187, 'TG/2022/003', 11, 'PRESENT', 7, '2026-04-08 14:58:31', NULL),
(188, 'TG/2022/003', 12, 'ABSENT', 7, '2026-04-08 14:58:31', NULL),
(189, 'TG/2022/003', 13, 'ABSENT', 7, '2026-04-08 14:58:31', NULL),
(190, 'TG/2022/004', 1, 'PRESENT', 7, '2026-04-08 14:58:31', NULL),
(191, 'TG/2022/004', 2, 'PRESENT', 7, '2026-04-08 14:58:31', NULL),
(192, 'TG/2022/004', 3, 'PRESENT', 7, '2026-04-08 14:58:31', NULL),
(193, 'TG/2022/004', 4, 'PRESENT', 7, '2026-04-08 14:58:31', NULL),
(194, 'TG/2022/004', 5, 'PRESENT', 7, '2026-04-08 14:58:31', NULL),
(195, 'TG/2022/004', 6, 'MEDICAL', 7, '2026-04-08 14:58:31', 'Medical submitted'),
(196, 'TG/2022/004', 7, 'PRESENT', 7, '2026-04-08 14:58:31', NULL),
(197, 'TG/2022/004', 8, 'PRESENT', 7, '2026-04-08 14:58:31', NULL),
(198, 'TG/2022/004', 9, 'PRESENT', 7, '2026-04-08 14:58:31', NULL),
(199, 'TG/2022/004', 10, 'PRESENT', 7, '2026-04-08 14:58:31', NULL),
(200, 'TG/2022/004', 11, 'MEDICAL', 7, '2026-04-08 14:58:31', 'Medical submitted'),
(201, 'TG/2022/004', 12, 'PRESENT', 7, '2026-04-08 14:58:31', NULL),
(202, 'TG/2022/004', 13, 'PRESENT', 7, '2026-04-08 14:58:31', NULL),
(203, 'TG/2022/005', 1, 'PRESENT', 7, '2026-04-08 14:58:31', NULL),
(204, 'TG/2022/005', 2, 'ABSENT', 7, '2026-04-08 14:58:31', NULL),
(205, 'TG/2022/005', 3, 'ABSENT', 7, '2026-04-08 14:58:31', NULL),
(206, 'TG/2022/005', 4, 'PRESENT', 7, '2026-04-08 14:58:31', NULL),
(207, 'TG/2022/005', 5, 'MEDICAL', 7, '2026-04-08 14:58:31', 'Medical submitted'),
(208, 'TG/2022/005', 6, 'ABSENT', 7, '2026-04-08 14:58:31', NULL),
(209, 'TG/2022/005', 7, 'PRESENT', 7, '2026-04-08 14:58:31', NULL),
(210, 'TG/2022/005', 8, 'ABSENT', 7, '2026-04-08 14:58:31', NULL),
(211, 'TG/2022/005', 9, 'PRESENT', 7, '2026-04-08 14:58:31', NULL),
(212, 'TG/2022/005', 10, 'MEDICAL', 7, '2026-04-08 14:58:31', 'Medical submitted'),
(213, 'TG/2022/005', 11, 'ABSENT', 7, '2026-04-08 14:58:31', NULL),
(214, 'TG/2022/005', 12, 'PRESENT', 7, '2026-04-08 14:58:31', NULL),
(215, 'TG/2022/005', 13, 'ABSENT', 7, '2026-04-08 14:58:31', NULL);

-- --------------------------------------------------------

--
-- Table structure for table `courses`
--

CREATE TABLE `courses` (
  `id` int(11) NOT NULL,
  `course_code` varchar(10) NOT NULL,
  `course_name` varchar(100) NOT NULL,
  `credits` int(11) NOT NULL,
  `total_hours` int(11) NOT NULL,
  `session_type` enum('THEORY','PRACTICAL','BOTH') NOT NULL DEFAULT 'THEORY',
  `no_of_quizzes` tinyint(4) NOT NULL DEFAULT 3,
  `no_of_assignments` tinyint(4) NOT NULL DEFAULT 1,
  `department_id` int(11) NOT NULL,
  `lecturer_in_charge_id` int(11) DEFAULT NULL
) ;

--
-- Dumping data for table `courses`
--

INSERT INTO `courses` (`id`, `course_code`, `course_name`, `credits`, `total_hours`, `session_type`, `no_of_quizzes`, `no_of_assignments`, `department_id`, `lecturer_in_charge_id`) VALUES
(1, 'ICT2152', 'E-Commerce Implementation, Management and Security', 2, 30, 'THEORY', 5, 1, 2, 3),
(2, 'ICT2142', 'Object Oriented Analysis and Design', 2, 30, 'THEORY', 3, 1, 2, 4),
(3, 'ICT2132', 'Object Oriented Programming Practicum', 2, 60, 'PRACTICAL', 3, 1, 2, 5),
(4, 'ICT2122', 'Object Oriented Programming', 2, 30, 'THEORY', 3, 1, 2, 5),
(5, 'ICT2113', 'Data Structures and Algorithms', 3, 45, 'BOTH', 3, 1, 2, 6),
(6, 'ENG2122', 'English III', 2, 30, 'THEORY', 3, 1, 2, 5),
(7, 'TCS2122', 'Soft Skills', 2, 30, 'THEORY', 3, 1, 2, 3),
(8, 'TCS2112', 'Business Economics', 2, 30, 'THEORY', 3, 1, 4, 4),
(10, 'TEMP1234', 'computer history', 4, 50, 'THEORY', 3, 1, 2, 3),
(11, 'TEMP1235', 'computer science 2', 3, 30, 'PRACTICAL', 3, 1, 1, 6);

-- --------------------------------------------------------

--
-- Table structure for table `course_materials`
--

CREATE TABLE `course_materials` (
  `id` int(11) NOT NULL,
  `course_id` int(11) NOT NULL,
  `title` varchar(150) NOT NULL,
  `description` text DEFAULT NULL,
  `file_path` varchar(500) NOT NULL,
  `file_type` varchar(50) DEFAULT NULL,
  `uploaded_by` int(11) NOT NULL,
  `uploaded_at` timestamp NOT NULL DEFAULT current_timestamp(),
  `status` enum('ACTIVE','ARCHIVED') NOT NULL DEFAULT 'ACTIVE'
) ENGINE=InnoDB DEFAULT CHARSET=utf8mb4 COLLATE=utf8mb4_general_ci;

--
-- Dumping data for table `course_materials`
--

INSERT INTO `course_materials` (`id`, `course_id`, `title`, `description`, `file_path`, `file_type`, `uploaded_by`, `uploaded_at`, `status`) VALUES
(2, 1, 'lecture 1', 'electronic commerece', '/Users/janith/Development/Java-mini-project/TEC-SIS/storage/course-materials/ict2152_lecture_1_1777124325169.pdf', 'PDF', 3, '2026-04-25 13:38:45', 'ACTIVE');

-- --------------------------------------------------------

--
-- Table structure for table `departments`
--

CREATE TABLE `departments` (
  `id` int(11) NOT NULL,
  `dept_code` varchar(10) NOT NULL,
  `dept_name` varchar(100) NOT NULL
) ENGINE=InnoDB DEFAULT CHARSET=utf8mb4 COLLATE=utf8mb4_general_ci;

--
-- Dumping data for table `departments`
--

INSERT INTO `departments` (`id`, `dept_code`, `dept_name`) VALUES
(1, 'ET', 'Engineering Technology'),
(2, 'ICT', 'Information and Communication Technology'),
(3, 'BST', 'Biosystems Technology'),
(4, 'MS', 'Multidisciplinary Studies');

-- --------------------------------------------------------

--
-- Table structure for table `end_exams`
--

CREATE TABLE `end_exams` (
  `id` int(11) NOT NULL,
  `mark_id` int(11) NOT NULL,
  `exam_type` enum('THEORY','PRACTICAL') NOT NULL,
  `end_exam_mark` decimal(5,2) NOT NULL DEFAULT 0.00,
  `status` enum('PENDING','PRESENT','ABSENT','MEDICAL') NOT NULL DEFAULT 'PENDING',
  `created_at` timestamp NOT NULL DEFAULT current_timestamp()
) ;

--
-- Dumping data for table `end_exams`
--

INSERT INTO `end_exams` (`id`, `mark_id`, `exam_type`, `end_exam_mark`, `status`, `created_at`) VALUES
(1, 1, 'THEORY', 59.00, 'PRESENT', '2026-04-08 12:20:53'),
(2, 10, 'THEORY', 53.00, 'PRESENT', '2026-04-08 12:20:53'),
(3, 19, 'THEORY', 86.00, 'PRESENT', '2026-04-08 12:20:53'),
(4, 28, 'THEORY', 80.00, 'PRESENT', '2026-04-08 12:20:53'),
(5, 37, 'THEORY', 74.00, 'PRESENT', '2026-04-08 12:20:53'),
(6, 46, 'THEORY', 68.00, 'PRESENT', '2026-04-08 12:20:53'),
(7, 55, 'THEORY', 62.00, 'PRESENT', '2026-04-08 12:20:53'),
(8, 64, 'THEORY', 56.00, 'PRESENT', '2026-04-08 12:20:53'),
(9, 73, 'THEORY', 50.00, 'PRESENT', '2026-04-08 12:20:53'),
(10, 82, 'THEORY', 83.00, 'PRESENT', '2026-04-08 12:20:53'),
(11, 91, 'THEORY', 77.00, 'PRESENT', '2026-04-08 12:20:53'),
(12, 100, 'THEORY', 71.00, 'PRESENT', '2026-04-08 12:20:53'),
(13, 109, 'THEORY', 65.00, 'PRESENT', '2026-04-08 12:20:53'),
(14, 118, 'THEORY', 59.00, 'PRESENT', '2026-04-08 12:20:53'),
(15, 127, 'THEORY', 53.00, 'PRESENT', '2026-04-08 12:20:53'),
(16, 136, 'THEORY', 86.00, 'PRESENT', '2026-04-08 12:20:53'),
(17, 145, 'THEORY', 80.00, 'PRESENT', '2026-04-08 12:20:53'),
(18, 154, 'THEORY', 74.00, 'PRESENT', '2026-04-08 12:20:53'),
(19, 163, 'THEORY', 68.00, 'PRESENT', '2026-04-08 12:20:53'),
(20, 172, 'THEORY', 62.00, 'PRESENT', '2026-04-08 12:20:53'),
(21, 2, 'THEORY', 70.00, 'PRESENT', '2026-04-08 12:20:53'),
(22, 11, 'THEORY', 64.00, 'PRESENT', '2026-04-08 12:20:53'),
(23, 20, 'THEORY', 58.00, 'PRESENT', '2026-04-08 12:20:53'),
(24, 29, 'THEORY', 52.00, 'PRESENT', '2026-04-08 12:20:53'),
(25, 38, 'THEORY', 85.00, 'PRESENT', '2026-04-08 12:20:53'),
(26, 47, 'THEORY', 79.00, 'PRESENT', '2026-04-08 12:20:53'),
(27, 56, 'THEORY', 73.00, 'PRESENT', '2026-04-08 12:20:53'),
(28, 65, 'THEORY', 67.00, 'PRESENT', '2026-04-08 12:20:53'),
(29, 74, 'THEORY', 61.00, 'PRESENT', '2026-04-08 12:20:53'),
(30, 83, 'THEORY', 55.00, 'PRESENT', '2026-04-08 12:20:53'),
(31, 92, 'THEORY', 49.00, 'PRESENT', '2026-04-08 12:20:53'),
(32, 101, 'THEORY', 82.00, 'PRESENT', '2026-04-08 12:20:53'),
(33, 110, 'THEORY', 76.00, 'PRESENT', '2026-04-08 12:20:53'),
(34, 119, 'THEORY', 70.00, 'PRESENT', '2026-04-08 12:20:53'),
(35, 128, 'THEORY', 64.00, 'PRESENT', '2026-04-08 12:20:53'),
(36, 137, 'THEORY', 58.00, 'PRESENT', '2026-04-08 12:20:53'),
(37, 146, 'THEORY', 52.00, 'PRESENT', '2026-04-08 12:20:53'),
(38, 155, 'THEORY', 85.00, 'PRESENT', '2026-04-08 12:20:53'),
(39, 164, 'THEORY', 79.00, 'PRESENT', '2026-04-08 12:20:53'),
(40, 173, 'THEORY', 73.00, 'PRESENT', '2026-04-08 12:20:53'),
(41, 4, 'THEORY', 53.00, 'PRESENT', '2026-04-08 12:20:53'),
(42, 13, 'THEORY', 86.00, 'PRESENT', '2026-04-08 12:20:53'),
(43, 22, 'THEORY', 80.00, 'PRESENT', '2026-04-08 12:20:53'),
(44, 31, 'THEORY', 74.00, 'PRESENT', '2026-04-08 12:20:53'),
(45, 40, 'THEORY', 68.00, 'PRESENT', '2026-04-08 12:20:53'),
(46, 49, 'THEORY', 62.00, 'PRESENT', '2026-04-08 12:20:53'),
(47, 58, 'THEORY', 56.00, 'PRESENT', '2026-04-08 12:20:53'),
(48, 67, 'THEORY', 50.00, 'PRESENT', '2026-04-08 12:20:53'),
(49, 76, 'THEORY', 83.00, 'PRESENT', '2026-04-08 12:20:53'),
(50, 85, 'THEORY', 77.00, 'PRESENT', '2026-04-08 12:20:53'),
(51, 94, 'THEORY', 71.00, 'PRESENT', '2026-04-08 12:20:53'),
(52, 103, 'THEORY', 65.00, 'PRESENT', '2026-04-08 12:20:53'),
(53, 112, 'THEORY', 59.00, 'PRESENT', '2026-04-08 12:20:53'),
(54, 121, 'THEORY', 53.00, 'PRESENT', '2026-04-08 12:20:53'),
(55, 130, 'THEORY', 86.00, 'PRESENT', '2026-04-08 12:20:53'),
(56, 139, 'THEORY', 80.00, 'PRESENT', '2026-04-08 12:20:53'),
(57, 148, 'THEORY', 74.00, 'PRESENT', '2026-04-08 12:20:53'),
(58, 157, 'THEORY', 68.00, 'PRESENT', '2026-04-08 12:20:53'),
(59, 166, 'THEORY', 62.00, 'PRESENT', '2026-04-08 12:20:53'),
(60, 175, 'THEORY', 56.00, 'PRESENT', '2026-04-08 12:20:53'),
(61, 5, 'THEORY', 64.00, 'PRESENT', '2026-04-08 12:20:53'),
(62, 14, 'THEORY', 58.00, 'PRESENT', '2026-04-08 12:20:53'),
(63, 23, 'THEORY', 52.00, 'PRESENT', '2026-04-08 12:20:53'),
(64, 32, 'THEORY', 85.00, 'PRESENT', '2026-04-08 12:20:53'),
(65, 41, 'THEORY', 79.00, 'PRESENT', '2026-04-08 12:20:53'),
(66, 50, 'THEORY', 73.00, 'PRESENT', '2026-04-08 12:20:53'),
(67, 59, 'THEORY', 67.00, 'PRESENT', '2026-04-08 12:20:53'),
(68, 68, 'THEORY', 61.00, 'PRESENT', '2026-04-08 12:20:53'),
(69, 77, 'THEORY', 55.00, 'PRESENT', '2026-04-08 12:20:53'),
(70, 86, 'THEORY', 49.00, 'PRESENT', '2026-04-08 12:20:53'),
(71, 95, 'THEORY', 82.00, 'PRESENT', '2026-04-08 12:20:53'),
(72, 104, 'THEORY', 76.00, 'PRESENT', '2026-04-08 12:20:53'),
(73, 113, 'THEORY', 70.00, 'PRESENT', '2026-04-08 12:20:53'),
(74, 122, 'THEORY', 64.00, 'PRESENT', '2026-04-08 12:20:53'),
(75, 131, 'THEORY', 58.00, 'PRESENT', '2026-04-08 12:20:53'),
(76, 140, 'THEORY', 52.00, 'PRESENT', '2026-04-08 12:20:53'),
(77, 149, 'THEORY', 85.00, 'PRESENT', '2026-04-08 12:20:53'),
(78, 158, 'THEORY', 79.00, 'PRESENT', '2026-04-08 12:20:53'),
(79, 167, 'THEORY', 73.00, 'PRESENT', '2026-04-08 12:20:53'),
(80, 176, 'THEORY', 67.00, 'PRESENT', '2026-04-08 12:20:53'),
(81, 6, 'THEORY', 75.00, 'PRESENT', '2026-04-08 12:20:53'),
(82, 15, 'THEORY', 69.00, 'PRESENT', '2026-04-08 12:20:53'),
(83, 24, 'THEORY', 63.00, 'PRESENT', '2026-04-08 12:20:53'),
(84, 33, 'THEORY', 57.00, 'PRESENT', '2026-04-08 12:20:53'),
(85, 42, 'THEORY', 51.00, 'PRESENT', '2026-04-08 12:20:53'),
(86, 51, 'THEORY', 84.00, 'PRESENT', '2026-04-08 12:20:53'),
(87, 60, 'THEORY', 78.00, 'PRESENT', '2026-04-08 12:20:53'),
(88, 69, 'THEORY', 72.00, 'PRESENT', '2026-04-08 12:20:53'),
(89, 78, 'THEORY', 66.00, 'PRESENT', '2026-04-08 12:20:53'),
(90, 87, 'THEORY', 60.00, 'PRESENT', '2026-04-08 12:20:53'),
(91, 96, 'THEORY', 54.00, 'PRESENT', '2026-04-08 12:20:53'),
(92, 105, 'THEORY', 48.00, 'PRESENT', '2026-04-08 12:20:53'),
(93, 114, 'THEORY', 81.00, 'PRESENT', '2026-04-08 12:20:53'),
(94, 123, 'THEORY', 75.00, 'PRESENT', '2026-04-08 12:20:53'),
(95, 132, 'THEORY', 69.00, 'PRESENT', '2026-04-08 12:20:53'),
(96, 141, 'THEORY', 63.00, 'PRESENT', '2026-04-08 12:20:53'),
(97, 150, 'THEORY', 57.00, 'PRESENT', '2026-04-08 12:20:53'),
(98, 159, 'THEORY', 51.00, 'PRESENT', '2026-04-08 12:20:53'),
(99, 168, 'THEORY', 84.00, 'PRESENT', '2026-04-08 12:20:53'),
(100, 177, 'THEORY', 78.00, 'PRESENT', '2026-04-08 12:20:53'),
(101, 7, 'THEORY', 86.00, 'PRESENT', '2026-04-08 12:20:53'),
(102, 16, 'THEORY', 80.00, 'PRESENT', '2026-04-08 12:20:53'),
(103, 25, 'THEORY', 74.00, 'PRESENT', '2026-04-08 12:20:53'),
(104, 34, 'THEORY', 68.00, 'PRESENT', '2026-04-08 12:20:53'),
(105, 43, 'THEORY', 62.00, 'PRESENT', '2026-04-08 12:20:53'),
(106, 52, 'THEORY', 56.00, 'PRESENT', '2026-04-08 12:20:53'),
(107, 61, 'THEORY', 50.00, 'PRESENT', '2026-04-08 12:20:53'),
(108, 70, 'THEORY', 83.00, 'PRESENT', '2026-04-08 12:20:53'),
(109, 79, 'THEORY', 77.00, 'PRESENT', '2026-04-08 12:20:53'),
(110, 88, 'THEORY', 71.00, 'PRESENT', '2026-04-08 12:20:53'),
(111, 97, 'THEORY', 65.00, 'PRESENT', '2026-04-08 12:20:53'),
(112, 106, 'THEORY', 59.00, 'PRESENT', '2026-04-08 12:20:53'),
(113, 115, 'THEORY', 53.00, 'PRESENT', '2026-04-08 12:20:53'),
(114, 124, 'THEORY', 86.00, 'PRESENT', '2026-04-08 12:20:53'),
(115, 133, 'THEORY', 80.00, 'PRESENT', '2026-04-08 12:20:53'),
(116, 142, 'THEORY', 74.00, 'PRESENT', '2026-04-08 12:20:53'),
(117, 151, 'THEORY', 68.00, 'PRESENT', '2026-04-08 12:20:53'),
(118, 160, 'THEORY', 62.00, 'PRESENT', '2026-04-08 12:20:53'),
(119, 169, 'THEORY', 56.00, 'PRESENT', '2026-04-08 12:20:53'),
(120, 178, 'THEORY', 50.00, 'PRESENT', '2026-04-08 12:20:53'),
(121, 8, 'THEORY', 58.00, 'PRESENT', '2026-04-08 12:20:53'),
(122, 17, 'THEORY', 52.00, 'PRESENT', '2026-04-08 12:20:53'),
(123, 26, 'THEORY', 85.00, 'PRESENT', '2026-04-08 12:20:53'),
(124, 35, 'THEORY', 79.00, 'PRESENT', '2026-04-08 12:20:53'),
(125, 44, 'THEORY', 73.00, 'PRESENT', '2026-04-08 12:20:53'),
(126, 53, 'THEORY', 67.00, 'PRESENT', '2026-04-08 12:20:53'),
(127, 62, 'THEORY', 61.00, 'PRESENT', '2026-04-08 12:20:53'),
(128, 71, 'THEORY', 55.00, 'PRESENT', '2026-04-08 12:20:53'),
(129, 80, 'THEORY', 49.00, 'PRESENT', '2026-04-08 12:20:53'),
(130, 89, 'THEORY', 82.00, 'PRESENT', '2026-04-08 12:20:53'),
(131, 98, 'THEORY', 76.00, 'PRESENT', '2026-04-08 12:20:53'),
(132, 107, 'THEORY', 70.00, 'PRESENT', '2026-04-08 12:20:53'),
(133, 116, 'THEORY', 64.00, 'PRESENT', '2026-04-08 12:20:53'),
(134, 125, 'THEORY', 58.00, 'PRESENT', '2026-04-08 12:20:53'),
(135, 134, 'THEORY', 52.00, 'PRESENT', '2026-04-08 12:20:53'),
(136, 143, 'THEORY', 85.00, 'PRESENT', '2026-04-08 12:20:53'),
(137, 152, 'THEORY', 79.00, 'PRESENT', '2026-04-08 12:20:53'),
(138, 161, 'THEORY', 73.00, 'PRESENT', '2026-04-08 12:20:53'),
(139, 170, 'THEORY', 67.00, 'PRESENT', '2026-04-08 12:20:53'),
(140, 179, 'THEORY', 61.00, 'PRESENT', '2026-04-08 12:20:53'),
(161, 3, 'PRACTICAL', 54.00, 'PRESENT', '2026-04-08 12:20:53'),
(162, 12, 'PRACTICAL', 65.00, 'PRESENT', '2026-04-08 12:20:53'),
(163, 21, 'PRACTICAL', 76.00, 'PRESENT', '2026-04-08 12:20:53'),
(164, 30, 'PRACTICAL', 53.00, 'PRESENT', '2026-04-08 12:20:53'),
(165, 39, 'PRACTICAL', 64.00, 'PRESENT', '2026-04-08 12:20:53'),
(166, 48, 'PRACTICAL', 75.00, 'PRESENT', '2026-04-08 12:20:53'),
(167, 57, 'PRACTICAL', 52.00, 'PRESENT', '2026-04-08 12:20:53'),
(168, 66, 'PRACTICAL', 63.00, 'PRESENT', '2026-04-08 12:20:53'),
(169, 75, 'PRACTICAL', 74.00, 'PRESENT', '2026-04-08 12:20:53'),
(170, 84, 'PRACTICAL', 85.00, 'PRESENT', '2026-04-08 12:20:53'),
(171, 93, 'PRACTICAL', 62.00, 'PRESENT', '2026-04-08 12:20:53'),
(172, 102, 'PRACTICAL', 73.00, 'PRESENT', '2026-04-08 12:20:53'),
(173, 111, 'PRACTICAL', 84.00, 'PRESENT', '2026-04-08 12:20:53'),
(174, 120, 'PRACTICAL', 61.00, 'PRESENT', '2026-04-08 12:20:53'),
(175, 129, 'PRACTICAL', 72.00, 'PRESENT', '2026-04-08 12:20:53'),
(176, 138, 'PRACTICAL', 83.00, 'PRESENT', '2026-04-08 12:20:53'),
(177, 147, 'PRACTICAL', 60.00, 'PRESENT', '2026-04-08 12:20:53'),
(178, 156, 'PRACTICAL', 71.00, 'PRESENT', '2026-04-08 12:20:53'),
(179, 165, 'PRACTICAL', 82.00, 'PRESENT', '2026-04-08 12:20:53'),
(180, 174, 'PRACTICAL', 59.00, 'PRESENT', '2026-04-08 12:20:53'),
(181, 5, 'PRACTICAL', 78.00, 'PRESENT', '2026-04-08 12:20:53'),
(182, 14, 'PRACTICAL', 55.00, 'PRESENT', '2026-04-08 12:20:53'),
(183, 23, 'PRACTICAL', 66.00, 'PRESENT', '2026-04-08 12:20:53'),
(184, 32, 'PRACTICAL', 77.00, 'PRESENT', '2026-04-08 12:20:53'),
(185, 41, 'PRACTICAL', 54.00, 'PRESENT', '2026-04-08 12:20:53'),
(186, 50, 'PRACTICAL', 65.00, 'PRESENT', '2026-04-08 12:20:53'),
(187, 59, 'PRACTICAL', 76.00, 'PRESENT', '2026-04-08 12:20:53'),
(188, 68, 'PRACTICAL', 53.00, 'PRESENT', '2026-04-08 12:20:53'),
(189, 77, 'PRACTICAL', 64.00, 'PRESENT', '2026-04-08 12:20:53'),
(190, 86, 'PRACTICAL', 75.00, 'PRESENT', '2026-04-08 12:20:53'),
(191, 95, 'PRACTICAL', 52.00, 'PRESENT', '2026-04-08 12:20:53'),
(192, 104, 'PRACTICAL', 63.00, 'PRESENT', '2026-04-08 12:20:53'),
(193, 113, 'PRACTICAL', 74.00, 'PRESENT', '2026-04-08 12:20:53'),
(194, 122, 'PRACTICAL', 85.00, 'PRESENT', '2026-04-08 12:20:53'),
(195, 131, 'PRACTICAL', 62.00, 'PRESENT', '2026-04-08 12:20:53'),
(196, 140, 'PRACTICAL', 73.00, 'PRESENT', '2026-04-08 12:20:53'),
(197, 149, 'PRACTICAL', 84.00, 'PRESENT', '2026-04-08 12:20:53'),
(198, 158, 'PRACTICAL', 61.00, 'PRESENT', '2026-04-08 12:20:53'),
(199, 167, 'PRACTICAL', 72.00, 'PRESENT', '2026-04-08 12:20:53'),
(200, 176, 'PRACTICAL', 83.00, 'PRESENT', '2026-04-08 12:20:53');

-- --------------------------------------------------------

--
-- Table structure for table `marks`
--

CREATE TABLE `marks` (
  `id` int(11) NOT NULL,
  `student_reg_no` varchar(20) NOT NULL,
  `course_id` int(11) NOT NULL,
  `semester_year` year(4) NOT NULL,
  `attempt_no` tinyint(4) NOT NULL DEFAULT 1,
  `created_at` timestamp NOT NULL DEFAULT current_timestamp(),
  `updated_at` timestamp NOT NULL DEFAULT current_timestamp() ON UPDATE current_timestamp()
) ;

--
-- Dumping data for table `marks`
--

INSERT INTO `marks` (`id`, `student_reg_no`, `course_id`, `semester_year`, `attempt_no`, `created_at`, `updated_at`) VALUES
(1, 'TG/2022/001', 1, '2026', 1, '2026-04-08 12:20:53', '2026-04-08 12:20:53'),
(2, 'TG/2022/001', 2, '2026', 1, '2026-04-08 12:20:53', '2026-04-08 12:20:53'),
(3, 'TG/2022/001', 3, '2026', 1, '2026-04-08 12:20:53', '2026-04-08 12:20:53'),
(4, 'TG/2022/001', 4, '2026', 1, '2026-04-08 12:20:53', '2026-04-08 12:20:53'),
(5, 'TG/2022/001', 5, '2026', 1, '2026-04-08 12:20:53', '2026-04-08 12:20:53'),
(6, 'TG/2022/001', 6, '2026', 1, '2026-04-08 12:20:53', '2026-04-08 12:20:53'),
(7, 'TG/2022/001', 7, '2026', 1, '2026-04-08 12:20:53', '2026-04-08 12:20:53'),
(8, 'TG/2022/001', 8, '2026', 1, '2026-04-08 12:20:53', '2026-04-08 12:20:53'),
(10, 'TG/2022/002', 1, '2026', 1, '2026-04-08 12:20:53', '2026-04-08 12:20:53'),
(11, 'TG/2022/002', 2, '2026', 1, '2026-04-08 12:20:53', '2026-04-08 12:20:53'),
(12, 'TG/2022/002', 3, '2026', 1, '2026-04-08 12:20:53', '2026-04-08 12:20:53'),
(13, 'TG/2022/002', 4, '2026', 1, '2026-04-08 12:20:53', '2026-04-08 12:20:53'),
(14, 'TG/2022/002', 5, '2026', 1, '2026-04-08 12:20:53', '2026-04-08 12:20:53'),
(15, 'TG/2022/002', 6, '2026', 1, '2026-04-08 12:20:53', '2026-04-08 12:20:53'),
(16, 'TG/2022/002', 7, '2026', 1, '2026-04-08 12:20:53', '2026-04-08 12:20:53'),
(17, 'TG/2022/002', 8, '2026', 1, '2026-04-08 12:20:53', '2026-04-08 12:20:53'),
(19, 'TG/2022/003', 1, '2026', 1, '2026-04-08 12:20:53', '2026-04-08 12:20:53'),
(20, 'TG/2022/003', 2, '2026', 1, '2026-04-08 12:20:53', '2026-04-08 12:20:53'),
(21, 'TG/2022/003', 3, '2026', 1, '2026-04-08 12:20:53', '2026-04-08 12:20:53'),
(22, 'TG/2022/003', 4, '2026', 1, '2026-04-08 12:20:53', '2026-04-08 12:20:53'),
(23, 'TG/2022/003', 5, '2026', 1, '2026-04-08 12:20:53', '2026-04-08 12:20:53'),
(24, 'TG/2022/003', 6, '2026', 1, '2026-04-08 12:20:53', '2026-04-08 12:20:53'),
(25, 'TG/2022/003', 7, '2026', 1, '2026-04-08 12:20:53', '2026-04-08 12:20:53'),
(26, 'TG/2022/003', 8, '2026', 1, '2026-04-08 12:20:53', '2026-04-08 12:20:53'),
(28, 'TG/2022/004', 1, '2026', 1, '2026-04-08 12:20:53', '2026-04-08 12:20:53'),
(29, 'TG/2022/004', 2, '2026', 1, '2026-04-08 12:20:53', '2026-04-08 12:20:53'),
(30, 'TG/2022/004', 3, '2026', 1, '2026-04-08 12:20:53', '2026-04-08 12:20:53'),
(31, 'TG/2022/004', 4, '2026', 1, '2026-04-08 12:20:53', '2026-04-08 12:20:53'),
(32, 'TG/2022/004', 5, '2026', 1, '2026-04-08 12:20:53', '2026-04-08 12:20:53'),
(33, 'TG/2022/004', 6, '2026', 1, '2026-04-08 12:20:53', '2026-04-08 12:20:53'),
(34, 'TG/2022/004', 7, '2026', 1, '2026-04-08 12:20:53', '2026-04-08 12:20:53'),
(35, 'TG/2022/004', 8, '2026', 1, '2026-04-08 12:20:53', '2026-04-08 12:20:53'),
(37, 'TG/2022/005', 1, '2026', 1, '2026-04-08 12:20:53', '2026-04-08 12:20:53'),
(38, 'TG/2022/005', 2, '2026', 1, '2026-04-08 12:20:53', '2026-04-08 12:20:53'),
(39, 'TG/2022/005', 3, '2026', 1, '2026-04-08 12:20:53', '2026-04-08 12:20:53'),
(40, 'TG/2022/005', 4, '2026', 1, '2026-04-08 12:20:53', '2026-04-08 12:20:53'),
(41, 'TG/2022/005', 5, '2026', 1, '2026-04-08 12:20:53', '2026-04-08 12:20:53'),
(42, 'TG/2022/005', 6, '2026', 1, '2026-04-08 12:20:53', '2026-04-08 12:20:53'),
(43, 'TG/2022/005', 7, '2026', 1, '2026-04-08 12:20:53', '2026-04-08 12:20:53'),
(44, 'TG/2022/005', 8, '2026', 1, '2026-04-08 12:20:53', '2026-04-08 12:20:53'),
(46, 'TG/2022/006', 1, '2026', 1, '2026-04-08 12:20:53', '2026-04-08 12:20:53'),
(47, 'TG/2022/006', 2, '2026', 1, '2026-04-08 12:20:53', '2026-04-08 12:20:53'),
(48, 'TG/2022/006', 3, '2026', 1, '2026-04-08 12:20:53', '2026-04-08 12:20:53'),
(49, 'TG/2022/006', 4, '2026', 1, '2026-04-08 12:20:53', '2026-04-08 12:20:53'),
(50, 'TG/2022/006', 5, '2026', 1, '2026-04-08 12:20:53', '2026-04-08 12:20:53'),
(51, 'TG/2022/006', 6, '2026', 1, '2026-04-08 12:20:53', '2026-04-08 12:20:53'),
(52, 'TG/2022/006', 7, '2026', 1, '2026-04-08 12:20:53', '2026-04-08 12:20:53'),
(53, 'TG/2022/006', 8, '2026', 1, '2026-04-08 12:20:53', '2026-04-08 12:20:53'),
(55, 'TG/2022/007', 1, '2026', 1, '2026-04-08 12:20:53', '2026-04-08 12:20:53'),
(56, 'TG/2022/007', 2, '2026', 1, '2026-04-08 12:20:53', '2026-04-08 12:20:53'),
(57, 'TG/2022/007', 3, '2026', 1, '2026-04-08 12:20:53', '2026-04-08 12:20:53'),
(58, 'TG/2022/007', 4, '2026', 1, '2026-04-08 12:20:53', '2026-04-08 12:20:53'),
(59, 'TG/2022/007', 5, '2026', 1, '2026-04-08 12:20:53', '2026-04-08 12:20:53'),
(60, 'TG/2022/007', 6, '2026', 1, '2026-04-08 12:20:53', '2026-04-08 12:20:53'),
(61, 'TG/2022/007', 7, '2026', 1, '2026-04-08 12:20:53', '2026-04-08 12:20:53'),
(62, 'TG/2022/007', 8, '2026', 1, '2026-04-08 12:20:53', '2026-04-08 12:20:53'),
(64, 'TG/2022/008', 1, '2026', 1, '2026-04-08 12:20:53', '2026-04-08 12:20:53'),
(65, 'TG/2022/008', 2, '2026', 1, '2026-04-08 12:20:53', '2026-04-08 12:20:53'),
(66, 'TG/2022/008', 3, '2026', 1, '2026-04-08 12:20:53', '2026-04-08 12:20:53'),
(67, 'TG/2022/008', 4, '2026', 1, '2026-04-08 12:20:53', '2026-04-08 12:20:53'),
(68, 'TG/2022/008', 5, '2026', 1, '2026-04-08 12:20:53', '2026-04-08 12:20:53'),
(69, 'TG/2022/008', 6, '2026', 1, '2026-04-08 12:20:53', '2026-04-08 12:20:53'),
(70, 'TG/2022/008', 7, '2026', 1, '2026-04-08 12:20:53', '2026-04-08 12:20:53'),
(71, 'TG/2022/008', 8, '2026', 1, '2026-04-08 12:20:53', '2026-04-08 12:20:53'),
(73, 'TG/2022/009', 1, '2026', 1, '2026-04-08 12:20:53', '2026-04-08 12:20:53'),
(74, 'TG/2022/009', 2, '2026', 1, '2026-04-08 12:20:53', '2026-04-08 12:20:53'),
(75, 'TG/2022/009', 3, '2026', 1, '2026-04-08 12:20:53', '2026-04-08 12:20:53'),
(76, 'TG/2022/009', 4, '2026', 1, '2026-04-08 12:20:53', '2026-04-08 12:20:53'),
(77, 'TG/2022/009', 5, '2026', 1, '2026-04-08 12:20:53', '2026-04-08 12:20:53'),
(78, 'TG/2022/009', 6, '2026', 1, '2026-04-08 12:20:53', '2026-04-08 12:20:53'),
(79, 'TG/2022/009', 7, '2026', 1, '2026-04-08 12:20:53', '2026-04-08 12:20:53'),
(80, 'TG/2022/009', 8, '2026', 1, '2026-04-08 12:20:53', '2026-04-08 12:20:53'),
(82, 'TG/2022/010', 1, '2026', 1, '2026-04-08 12:20:53', '2026-04-08 12:20:53'),
(83, 'TG/2022/010', 2, '2026', 1, '2026-04-08 12:20:53', '2026-04-08 12:20:53'),
(84, 'TG/2022/010', 3, '2026', 1, '2026-04-08 12:20:53', '2026-04-08 12:20:53'),
(85, 'TG/2022/010', 4, '2026', 1, '2026-04-08 12:20:53', '2026-04-08 12:20:53'),
(86, 'TG/2022/010', 5, '2026', 1, '2026-04-08 12:20:53', '2026-04-08 12:20:53'),
(87, 'TG/2022/010', 6, '2026', 1, '2026-04-08 12:20:53', '2026-04-08 12:20:53'),
(88, 'TG/2022/010', 7, '2026', 1, '2026-04-08 12:20:53', '2026-04-08 12:20:53'),
(89, 'TG/2022/010', 8, '2026', 1, '2026-04-08 12:20:53', '2026-04-08 12:20:53'),
(91, 'TG/2022/011', 1, '2026', 1, '2026-04-08 12:20:53', '2026-04-08 12:20:53'),
(92, 'TG/2022/011', 2, '2026', 1, '2026-04-08 12:20:53', '2026-04-08 12:20:53'),
(93, 'TG/2022/011', 3, '2026', 1, '2026-04-08 12:20:53', '2026-04-08 12:20:53'),
(94, 'TG/2022/011', 4, '2026', 1, '2026-04-08 12:20:53', '2026-04-08 12:20:53'),
(95, 'TG/2022/011', 5, '2026', 1, '2026-04-08 12:20:53', '2026-04-08 12:20:53'),
(96, 'TG/2022/011', 6, '2026', 1, '2026-04-08 12:20:53', '2026-04-08 12:20:53'),
(97, 'TG/2022/011', 7, '2026', 1, '2026-04-08 12:20:53', '2026-04-08 12:20:53'),
(98, 'TG/2022/011', 8, '2026', 1, '2026-04-08 12:20:53', '2026-04-08 12:20:53'),
(100, 'TG/2022/012', 1, '2026', 1, '2026-04-08 12:20:53', '2026-04-08 12:20:53'),
(101, 'TG/2022/012', 2, '2026', 1, '2026-04-08 12:20:53', '2026-04-08 12:20:53'),
(102, 'TG/2022/012', 3, '2026', 1, '2026-04-08 12:20:53', '2026-04-08 12:20:53'),
(103, 'TG/2022/012', 4, '2026', 1, '2026-04-08 12:20:53', '2026-04-08 12:20:53'),
(104, 'TG/2022/012', 5, '2026', 1, '2026-04-08 12:20:53', '2026-04-08 12:20:53'),
(105, 'TG/2022/012', 6, '2026', 1, '2026-04-08 12:20:53', '2026-04-08 12:20:53'),
(106, 'TG/2022/012', 7, '2026', 1, '2026-04-08 12:20:53', '2026-04-08 12:20:53'),
(107, 'TG/2022/012', 8, '2026', 1, '2026-04-08 12:20:53', '2026-04-08 12:20:53'),
(109, 'TG/2021/080', 1, '2026', 2, '2026-04-08 12:20:53', '2026-04-08 12:20:53'),
(110, 'TG/2021/080', 2, '2026', 2, '2026-04-08 12:20:53', '2026-04-08 12:20:53'),
(111, 'TG/2021/080', 3, '2026', 2, '2026-04-08 12:20:53', '2026-04-08 12:20:53'),
(112, 'TG/2021/080', 4, '2026', 2, '2026-04-08 12:20:53', '2026-04-08 12:20:53'),
(113, 'TG/2021/080', 5, '2026', 2, '2026-04-08 12:20:53', '2026-04-08 12:20:53'),
(114, 'TG/2021/080', 6, '2026', 2, '2026-04-08 12:20:53', '2026-04-08 12:20:53'),
(115, 'TG/2021/080', 7, '2026', 2, '2026-04-08 12:20:53', '2026-04-08 12:20:53'),
(116, 'TG/2021/080', 8, '2026', 2, '2026-04-08 12:20:53', '2026-04-08 12:20:53'),
(118, 'TG/2021/081', 1, '2026', 2, '2026-04-08 12:20:53', '2026-04-08 12:20:53'),
(119, 'TG/2021/081', 2, '2026', 2, '2026-04-08 12:20:53', '2026-04-08 12:20:53'),
(120, 'TG/2021/081', 3, '2026', 2, '2026-04-08 12:20:53', '2026-04-08 12:20:53'),
(121, 'TG/2021/081', 4, '2026', 2, '2026-04-08 12:20:53', '2026-04-08 12:20:53'),
(122, 'TG/2021/081', 5, '2026', 2, '2026-04-08 12:20:53', '2026-04-08 12:20:53'),
(123, 'TG/2021/081', 6, '2026', 2, '2026-04-08 12:20:53', '2026-04-08 12:20:53'),
(124, 'TG/2021/081', 7, '2026', 2, '2026-04-08 12:20:53', '2026-04-08 12:20:53'),
(125, 'TG/2021/081', 8, '2026', 2, '2026-04-08 12:20:53', '2026-04-08 12:20:53'),
(127, 'TG/2021/082', 1, '2026', 2, '2026-04-08 12:20:53', '2026-04-08 12:20:53'),
(128, 'TG/2021/082', 2, '2026', 2, '2026-04-08 12:20:53', '2026-04-08 12:20:53'),
(129, 'TG/2021/082', 3, '2026', 2, '2026-04-08 12:20:53', '2026-04-08 12:20:53'),
(130, 'TG/2021/082', 4, '2026', 2, '2026-04-08 12:20:53', '2026-04-08 12:20:53'),
(131, 'TG/2021/082', 5, '2026', 2, '2026-04-08 12:20:53', '2026-04-08 12:20:53'),
(132, 'TG/2021/082', 6, '2026', 2, '2026-04-08 12:20:53', '2026-04-08 12:20:53'),
(133, 'TG/2021/082', 7, '2026', 2, '2026-04-08 12:20:53', '2026-04-08 12:20:53'),
(134, 'TG/2021/082', 8, '2026', 2, '2026-04-08 12:20:53', '2026-04-08 12:20:53'),
(136, 'TG/2021/083', 1, '2026', 2, '2026-04-08 12:20:53', '2026-04-08 12:20:53'),
(137, 'TG/2021/083', 2, '2026', 2, '2026-04-08 12:20:53', '2026-04-08 12:20:53'),
(138, 'TG/2021/083', 3, '2026', 2, '2026-04-08 12:20:53', '2026-04-08 12:20:53'),
(139, 'TG/2021/083', 4, '2026', 2, '2026-04-08 12:20:53', '2026-04-08 12:20:53'),
(140, 'TG/2021/083', 5, '2026', 2, '2026-04-08 12:20:53', '2026-04-08 12:20:53'),
(141, 'TG/2021/083', 6, '2026', 2, '2026-04-08 12:20:53', '2026-04-08 12:20:53'),
(142, 'TG/2021/083', 7, '2026', 2, '2026-04-08 12:20:53', '2026-04-08 12:20:53'),
(143, 'TG/2021/083', 8, '2026', 2, '2026-04-08 12:20:53', '2026-04-08 12:20:53'),
(145, 'TG/2021/084', 1, '2026', 2, '2026-04-08 12:20:53', '2026-04-08 12:20:53'),
(146, 'TG/2021/084', 2, '2026', 2, '2026-04-08 12:20:53', '2026-04-08 12:20:53'),
(147, 'TG/2021/084', 3, '2026', 2, '2026-04-08 12:20:53', '2026-04-08 12:20:53'),
(148, 'TG/2021/084', 4, '2026', 2, '2026-04-08 12:20:53', '2026-04-08 12:20:53'),
(149, 'TG/2021/084', 5, '2026', 2, '2026-04-08 12:20:53', '2026-04-08 12:20:53'),
(150, 'TG/2021/084', 6, '2026', 2, '2026-04-08 12:20:53', '2026-04-08 12:20:53'),
(151, 'TG/2021/084', 7, '2026', 2, '2026-04-08 12:20:53', '2026-04-08 12:20:53'),
(152, 'TG/2021/084', 8, '2026', 2, '2026-04-08 12:20:53', '2026-04-08 12:20:53'),
(154, 'TG/2020/101', 1, '2026', 3, '2026-04-08 12:20:53', '2026-04-08 12:20:53'),
(155, 'TG/2020/101', 2, '2026', 3, '2026-04-08 12:20:53', '2026-04-08 12:20:53'),
(156, 'TG/2020/101', 3, '2026', 3, '2026-04-08 12:20:53', '2026-04-08 12:20:53'),
(157, 'TG/2020/101', 4, '2026', 3, '2026-04-08 12:20:53', '2026-04-08 12:20:53'),
(158, 'TG/2020/101', 5, '2026', 3, '2026-04-08 12:20:53', '2026-04-08 12:20:53'),
(159, 'TG/2020/101', 6, '2026', 3, '2026-04-08 12:20:53', '2026-04-08 12:20:53'),
(160, 'TG/2020/101', 7, '2026', 3, '2026-04-08 12:20:53', '2026-04-08 12:20:53'),
(161, 'TG/2020/101', 8, '2026', 3, '2026-04-08 12:20:53', '2026-04-08 12:20:53'),
(163, 'TG/2020/102', 1, '2026', 3, '2026-04-08 12:20:53', '2026-04-08 12:20:53'),
(164, 'TG/2020/102', 2, '2026', 3, '2026-04-08 12:20:53', '2026-04-08 12:20:53'),
(165, 'TG/2020/102', 3, '2026', 3, '2026-04-08 12:20:53', '2026-04-08 12:20:53'),
(166, 'TG/2020/102', 4, '2026', 3, '2026-04-08 12:20:53', '2026-04-08 12:20:53'),
(167, 'TG/2020/102', 5, '2026', 3, '2026-04-08 12:20:53', '2026-04-08 12:20:53'),
(168, 'TG/2020/102', 6, '2026', 3, '2026-04-08 12:20:53', '2026-04-08 12:20:53'),
(169, 'TG/2020/102', 7, '2026', 3, '2026-04-08 12:20:53', '2026-04-08 12:20:53'),
(170, 'TG/2020/102', 8, '2026', 3, '2026-04-08 12:20:53', '2026-04-08 12:20:53'),
(172, 'TG/2020/103', 1, '2026', 3, '2026-04-08 12:20:53', '2026-04-08 12:20:53'),
(173, 'TG/2020/103', 2, '2026', 3, '2026-04-08 12:20:53', '2026-04-08 12:20:53'),
(174, 'TG/2020/103', 3, '2026', 3, '2026-04-08 12:20:53', '2026-04-08 12:20:53'),
(175, 'TG/2020/103', 4, '2026', 3, '2026-04-08 12:20:53', '2026-04-08 12:20:53'),
(176, 'TG/2020/103', 5, '2026', 3, '2026-04-08 12:20:53', '2026-04-08 12:20:53'),
(177, 'TG/2020/103', 6, '2026', 3, '2026-04-08 12:20:53', '2026-04-08 12:20:53'),
(178, 'TG/2020/103', 7, '2026', 3, '2026-04-08 12:20:53', '2026-04-08 12:20:53'),
(179, 'TG/2020/103', 8, '2026', 3, '2026-04-08 12:20:53', '2026-04-08 12:20:53');

-- --------------------------------------------------------

--
-- Table structure for table `medicals`
--

CREATE TABLE `medicals` (
  `id` int(11) NOT NULL,
  `student_reg_no` varchar(20) NOT NULL,
  `medical_document` varchar(255) NOT NULL,
  `submitted_date` date NOT NULL,
  `approval_status` enum('PENDING','APPROVED','REJECTED') NOT NULL DEFAULT 'PENDING',
  `approved_by` int(11) DEFAULT NULL,
  `approved_at` timestamp NULL DEFAULT NULL,
  `remarks` varchar(255) DEFAULT NULL,
  `created_at` timestamp NOT NULL DEFAULT current_timestamp(),
  `updated_at` timestamp NOT NULL DEFAULT current_timestamp() ON UPDATE current_timestamp()
) ENGINE=InnoDB DEFAULT CHARSET=utf8mb4 COLLATE=utf8mb4_general_ci;

--
-- Dumping data for table `medicals`
--

INSERT INTO `medicals` (`id`, `student_reg_no`, `medical_document`, `submitted_date`, `approval_status`, `approved_by`, `approved_at`, `remarks`, `created_at`, `updated_at`) VALUES
(1, 'TG/2022/001', '/Users/janith/Development/Java-mini-project/TEC-SIS/storage/medical-documents/tg-2022-001-2026-01-12-2026-01-19-1775816757497.pdf', '2026-04-10', 'APPROVED', 7, '2026-04-10 10:28:02', '', '2026-04-10 10:25:57', '2026-04-10 10:28:02'),
(2, 'TG/2022/001', '/Users/janith/Development/Java-mini-project/TEC-SIS/storage/medical-documents/tg-2022-001-2026-01-5-2026-01-18-1775818018769.pdf', '2026-04-10', 'APPROVED', 7, '2026-04-10 10:48:35', '', '2026-04-10 10:46:58', '2026-04-10 10:48:35');

-- --------------------------------------------------------

--
-- Table structure for table `medical_sessions`
--

CREATE TABLE `medical_sessions` (
  `id` int(11) NOT NULL,
  `medical_id` int(11) NOT NULL,
  `session_id` int(11) NOT NULL,
  `created_at` timestamp NOT NULL DEFAULT current_timestamp()
) ENGINE=InnoDB DEFAULT CHARSET=utf8mb4 COLLATE=utf8mb4_general_ci;

--
-- Dumping data for table `medical_sessions`
--

INSERT INTO `medical_sessions` (`id`, `medical_id`, `session_id`, `created_at`) VALUES
(1, 1, 11, '2026-04-10 10:25:57'),
(2, 1, 3, '2026-04-10 10:25:57'),
(3, 2, 1, '2026-04-10 10:46:58'),
(4, 2, 4, '2026-04-10 10:46:58'),
(5, 2, 6, '2026-04-10 10:46:58'),
(6, 2, 5, '2026-04-10 10:46:58'),
(7, 2, 7, '2026-04-10 10:46:58');

-- --------------------------------------------------------

--
-- Table structure for table `mid_exams`
--

CREATE TABLE `mid_exams` (
  `id` int(11) NOT NULL,
  `mark_id` int(11) NOT NULL,
  `exam_type` enum('THEORY','PRACTICAL') NOT NULL,
  `mid_exam_mark` decimal(5,2) NOT NULL DEFAULT 0.00,
  `status` enum('PENDING','PRESENT','ABSENT','MEDICAL') NOT NULL DEFAULT 'PENDING',
  `created_at` timestamp NOT NULL DEFAULT current_timestamp()
) ;

--
-- Dumping data for table `mid_exams`
--

INSERT INTO `mid_exams` (`id`, `mark_id`, `exam_type`, `mid_exam_mark`, `status`, `created_at`) VALUES
(1, 1, 'THEORY', 57.00, 'PRESENT', '2026-04-08 12:20:53'),
(2, 10, 'THEORY', 79.00, 'PRESENT', '2026-04-08 12:20:53'),
(3, 19, 'THEORY', 60.00, 'PRESENT', '2026-04-08 12:20:53'),
(4, 28, 'THEORY', 82.00, 'PRESENT', '2026-04-08 12:20:53'),
(5, 37, 'THEORY', 63.00, 'PRESENT', '2026-04-08 12:20:53'),
(6, 46, 'THEORY', 85.00, 'PRESENT', '2026-04-08 12:20:53'),
(7, 55, 'THEORY', 66.00, 'PRESENT', '2026-04-08 12:20:53'),
(8, 64, 'THEORY', 47.00, 'PRESENT', '2026-04-08 12:20:53'),
(9, 73, 'THEORY', 69.00, 'PRESENT', '2026-04-08 12:20:53'),
(10, 82, 'THEORY', 50.00, 'PRESENT', '2026-04-08 12:20:53'),
(11, 91, 'THEORY', 72.00, 'PRESENT', '2026-04-08 12:20:53'),
(12, 100, 'THEORY', 53.00, 'PRESENT', '2026-04-08 12:20:53'),
(13, 109, 'THEORY', 75.00, 'PRESENT', '2026-04-08 12:20:53'),
(14, 118, 'THEORY', 56.00, 'PRESENT', '2026-04-08 12:20:53'),
(15, 127, 'THEORY', 78.00, 'PRESENT', '2026-04-08 12:20:53'),
(16, 136, 'THEORY', 59.00, 'PRESENT', '2026-04-08 12:20:53'),
(17, 145, 'THEORY', 81.00, 'PRESENT', '2026-04-08 12:20:53'),
(18, 154, 'THEORY', 62.00, 'PRESENT', '2026-04-08 12:20:53'),
(19, 163, 'THEORY', 84.00, 'PRESENT', '2026-04-08 12:20:53'),
(20, 172, 'THEORY', 65.00, 'PRESENT', '2026-04-08 12:20:53'),
(21, 2, 'THEORY', 69.00, 'PRESENT', '2026-04-08 12:20:53'),
(22, 11, 'THEORY', 50.00, 'PRESENT', '2026-04-08 12:20:53'),
(23, 20, 'THEORY', 72.00, 'PRESENT', '2026-04-08 12:20:53'),
(24, 29, 'THEORY', 53.00, 'PRESENT', '2026-04-08 12:20:53'),
(25, 38, 'THEORY', 75.00, 'PRESENT', '2026-04-08 12:20:53'),
(26, 47, 'THEORY', 56.00, 'PRESENT', '2026-04-08 12:20:53'),
(27, 56, 'THEORY', 78.00, 'PRESENT', '2026-04-08 12:20:53'),
(28, 65, 'THEORY', 59.00, 'PRESENT', '2026-04-08 12:20:53'),
(29, 74, 'THEORY', 81.00, 'PRESENT', '2026-04-08 12:20:53'),
(30, 83, 'THEORY', 62.00, 'PRESENT', '2026-04-08 12:20:53'),
(31, 92, 'THEORY', 84.00, 'PRESENT', '2026-04-08 12:20:53'),
(32, 101, 'THEORY', 65.00, 'PRESENT', '2026-04-08 12:20:53'),
(33, 110, 'THEORY', 46.00, 'PRESENT', '2026-04-08 12:20:53'),
(34, 119, 'THEORY', 68.00, 'PRESENT', '2026-04-08 12:20:53'),
(35, 128, 'THEORY', 49.00, 'PRESENT', '2026-04-08 12:20:53'),
(36, 137, 'THEORY', 71.00, 'PRESENT', '2026-04-08 12:20:53'),
(37, 146, 'THEORY', 52.00, 'PRESENT', '2026-04-08 12:20:53'),
(38, 155, 'THEORY', 74.00, 'PRESENT', '2026-04-08 12:20:53'),
(39, 164, 'THEORY', 55.00, 'PRESENT', '2026-04-08 12:20:53'),
(40, 173, 'THEORY', 77.00, 'PRESENT', '2026-04-08 12:20:53'),
(41, 4, 'THEORY', 52.00, 'PRESENT', '2026-04-08 12:20:53'),
(42, 13, 'THEORY', 74.00, 'PRESENT', '2026-04-08 12:20:53'),
(43, 22, 'THEORY', 55.00, 'PRESENT', '2026-04-08 12:20:53'),
(44, 31, 'THEORY', 77.00, 'PRESENT', '2026-04-08 12:20:53'),
(45, 40, 'THEORY', 58.00, 'PRESENT', '2026-04-08 12:20:53'),
(46, 49, 'THEORY', 80.00, 'PRESENT', '2026-04-08 12:20:53'),
(47, 58, 'THEORY', 61.00, 'PRESENT', '2026-04-08 12:20:53'),
(48, 67, 'THEORY', 83.00, 'PRESENT', '2026-04-08 12:20:53'),
(49, 76, 'THEORY', 64.00, 'PRESENT', '2026-04-08 12:20:53'),
(50, 85, 'THEORY', 45.00, 'PRESENT', '2026-04-08 12:20:53'),
(51, 94, 'THEORY', 67.00, 'PRESENT', '2026-04-08 12:20:53'),
(52, 103, 'THEORY', 48.00, 'PRESENT', '2026-04-08 12:20:53'),
(53, 112, 'THEORY', 70.00, 'PRESENT', '2026-04-08 12:20:53'),
(54, 121, 'THEORY', 51.00, 'PRESENT', '2026-04-08 12:20:53'),
(55, 130, 'THEORY', 73.00, 'PRESENT', '2026-04-08 12:20:53'),
(56, 139, 'THEORY', 54.00, 'PRESENT', '2026-04-08 12:20:53'),
(57, 148, 'THEORY', 76.00, 'PRESENT', '2026-04-08 12:20:53'),
(58, 157, 'THEORY', 57.00, 'PRESENT', '2026-04-08 12:20:53'),
(59, 166, 'THEORY', 79.00, 'PRESENT', '2026-04-08 12:20:53'),
(60, 175, 'THEORY', 60.00, 'PRESENT', '2026-04-08 12:20:53'),
(61, 5, 'THEORY', 64.00, 'PRESENT', '2026-04-08 12:20:53'),
(62, 14, 'THEORY', 45.00, 'PRESENT', '2026-04-08 12:20:53'),
(63, 23, 'THEORY', 67.00, 'PRESENT', '2026-04-08 12:20:53'),
(64, 32, 'THEORY', 48.00, 'PRESENT', '2026-04-08 12:20:53'),
(65, 41, 'THEORY', 70.00, 'PRESENT', '2026-04-08 12:20:53'),
(66, 50, 'THEORY', 51.00, 'PRESENT', '2026-04-08 12:20:53'),
(67, 59, 'THEORY', 73.00, 'PRESENT', '2026-04-08 12:20:53'),
(68, 68, 'THEORY', 54.00, 'PRESENT', '2026-04-08 12:20:53'),
(69, 77, 'THEORY', 76.00, 'PRESENT', '2026-04-08 12:20:53'),
(70, 86, 'THEORY', 57.00, 'PRESENT', '2026-04-08 12:20:53'),
(71, 95, 'THEORY', 79.00, 'PRESENT', '2026-04-08 12:20:53'),
(72, 104, 'THEORY', 60.00, 'PRESENT', '2026-04-08 12:20:53'),
(73, 113, 'THEORY', 82.00, 'PRESENT', '2026-04-08 12:20:53'),
(74, 122, 'THEORY', 63.00, 'PRESENT', '2026-04-08 12:20:53'),
(75, 131, 'THEORY', 85.00, 'PRESENT', '2026-04-08 12:20:53'),
(76, 140, 'THEORY', 66.00, 'PRESENT', '2026-04-08 12:20:53'),
(77, 149, 'THEORY', 47.00, 'PRESENT', '2026-04-08 12:20:53'),
(78, 158, 'THEORY', 69.00, 'PRESENT', '2026-04-08 12:20:53'),
(79, 167, 'THEORY', 50.00, 'PRESENT', '2026-04-08 12:20:53'),
(80, 176, 'THEORY', 72.00, 'PRESENT', '2026-04-08 12:20:53'),
(81, 6, 'THEORY', 76.00, 'PRESENT', '2026-04-08 12:20:53'),
(82, 15, 'THEORY', 57.00, 'PRESENT', '2026-04-08 12:20:53'),
(83, 24, 'THEORY', 79.00, 'PRESENT', '2026-04-08 12:20:53'),
(84, 33, 'THEORY', 60.00, 'PRESENT', '2026-04-08 12:20:53'),
(85, 42, 'THEORY', 82.00, 'PRESENT', '2026-04-08 12:20:53'),
(86, 51, 'THEORY', 63.00, 'PRESENT', '2026-04-08 12:20:53'),
(87, 60, 'THEORY', 85.00, 'PRESENT', '2026-04-08 12:20:53'),
(88, 69, 'THEORY', 66.00, 'PRESENT', '2026-04-08 12:20:53'),
(89, 78, 'THEORY', 47.00, 'PRESENT', '2026-04-08 12:20:53'),
(90, 87, 'THEORY', 69.00, 'PRESENT', '2026-04-08 12:20:53'),
(91, 96, 'THEORY', 50.00, 'PRESENT', '2026-04-08 12:20:53'),
(92, 105, 'THEORY', 72.00, 'PRESENT', '2026-04-08 12:20:53'),
(93, 114, 'THEORY', 53.00, 'PRESENT', '2026-04-08 12:20:53'),
(94, 123, 'THEORY', 75.00, 'PRESENT', '2026-04-08 12:20:53'),
(95, 132, 'THEORY', 56.00, 'PRESENT', '2026-04-08 12:20:53'),
(96, 141, 'THEORY', 78.00, 'PRESENT', '2026-04-08 12:20:53'),
(97, 150, 'THEORY', 59.00, 'PRESENT', '2026-04-08 12:20:53'),
(98, 159, 'THEORY', 81.00, 'PRESENT', '2026-04-08 12:20:53'),
(99, 168, 'THEORY', 62.00, 'PRESENT', '2026-04-08 12:20:53'),
(100, 177, 'THEORY', 84.00, 'PRESENT', '2026-04-08 12:20:53'),
(101, 7, 'THEORY', 47.00, 'PRESENT', '2026-04-08 12:20:53'),
(102, 16, 'THEORY', 69.00, 'PRESENT', '2026-04-08 12:20:53'),
(103, 25, 'THEORY', 50.00, 'PRESENT', '2026-04-08 12:20:53'),
(104, 34, 'THEORY', 72.00, 'PRESENT', '2026-04-08 12:20:53'),
(105, 43, 'THEORY', 53.00, 'PRESENT', '2026-04-08 12:20:53'),
(106, 52, 'THEORY', 75.00, 'PRESENT', '2026-04-08 12:20:53'),
(107, 61, 'THEORY', 56.00, 'PRESENT', '2026-04-08 12:20:53'),
(108, 70, 'THEORY', 78.00, 'PRESENT', '2026-04-08 12:20:53'),
(109, 79, 'THEORY', 59.00, 'PRESENT', '2026-04-08 12:20:53'),
(110, 88, 'THEORY', 81.00, 'PRESENT', '2026-04-08 12:20:53'),
(111, 97, 'THEORY', 62.00, 'PRESENT', '2026-04-08 12:20:53'),
(112, 106, 'THEORY', 84.00, 'PRESENT', '2026-04-08 12:20:53'),
(113, 115, 'THEORY', 65.00, 'PRESENT', '2026-04-08 12:20:53'),
(114, 124, 'THEORY', 46.00, 'PRESENT', '2026-04-08 12:20:53'),
(115, 133, 'THEORY', 68.00, 'PRESENT', '2026-04-08 12:20:53'),
(116, 142, 'THEORY', 49.00, 'PRESENT', '2026-04-08 12:20:53'),
(117, 151, 'THEORY', 71.00, 'PRESENT', '2026-04-08 12:20:53'),
(118, 160, 'THEORY', 52.00, 'PRESENT', '2026-04-08 12:20:53'),
(119, 169, 'THEORY', 74.00, 'PRESENT', '2026-04-08 12:20:53'),
(120, 178, 'THEORY', 55.00, 'PRESENT', '2026-04-08 12:20:53'),
(121, 8, 'THEORY', 59.00, 'PRESENT', '2026-04-08 12:20:53'),
(122, 17, 'THEORY', 81.00, 'PRESENT', '2026-04-08 12:20:53'),
(123, 26, 'THEORY', 62.00, 'PRESENT', '2026-04-08 12:20:53'),
(124, 35, 'THEORY', 84.00, 'PRESENT', '2026-04-08 12:20:53'),
(125, 44, 'THEORY', 65.00, 'PRESENT', '2026-04-08 12:20:53'),
(126, 53, 'THEORY', 46.00, 'PRESENT', '2026-04-08 12:20:53'),
(127, 62, 'THEORY', 68.00, 'PRESENT', '2026-04-08 12:20:53'),
(128, 71, 'THEORY', 49.00, 'PRESENT', '2026-04-08 12:20:53'),
(129, 80, 'THEORY', 71.00, 'PRESENT', '2026-04-08 12:20:53'),
(130, 89, 'THEORY', 52.00, 'PRESENT', '2026-04-08 12:20:53'),
(131, 98, 'THEORY', 74.00, 'PRESENT', '2026-04-08 12:20:53'),
(132, 107, 'THEORY', 55.00, 'PRESENT', '2026-04-08 12:20:53'),
(133, 116, 'THEORY', 77.00, 'PRESENT', '2026-04-08 12:20:53'),
(134, 125, 'THEORY', 58.00, 'PRESENT', '2026-04-08 12:20:53'),
(135, 134, 'THEORY', 80.00, 'PRESENT', '2026-04-08 12:20:53'),
(136, 143, 'THEORY', 61.00, 'PRESENT', '2026-04-08 12:20:53'),
(137, 152, 'THEORY', 83.00, 'PRESENT', '2026-04-08 12:20:53'),
(138, 161, 'THEORY', 64.00, 'PRESENT', '2026-04-08 12:20:53'),
(139, 170, 'THEORY', 45.00, 'PRESENT', '2026-04-08 12:20:53'),
(140, 179, 'THEORY', 67.00, 'PRESENT', '2026-04-08 12:20:53'),
(161, 3, 'PRACTICAL', 80.00, 'PRESENT', '2026-04-08 12:20:53'),
(162, 12, 'PRACTICAL', 62.00, 'PRESENT', '2026-04-08 12:20:53'),
(163, 21, 'PRACTICAL', 80.00, 'PRESENT', '2026-04-08 12:20:53'),
(164, 30, 'PRACTICAL', 62.00, 'PRESENT', '2026-04-08 12:20:53'),
(165, 39, 'PRACTICAL', 80.00, 'PRESENT', '2026-04-08 12:20:53'),
(166, 48, 'PRACTICAL', 62.00, 'PRESENT', '2026-04-08 12:20:53'),
(167, 57, 'PRACTICAL', 80.00, 'PRESENT', '2026-04-08 12:20:53'),
(168, 66, 'PRACTICAL', 62.00, 'PRESENT', '2026-04-08 12:20:53'),
(169, 75, 'PRACTICAL', 80.00, 'PRESENT', '2026-04-08 12:20:53'),
(170, 84, 'PRACTICAL', 62.00, 'PRESENT', '2026-04-08 12:20:53'),
(171, 93, 'PRACTICAL', 80.00, 'PRESENT', '2026-04-08 12:20:53'),
(172, 102, 'PRACTICAL', 62.00, 'PRESENT', '2026-04-08 12:20:53'),
(173, 111, 'PRACTICAL', 80.00, 'PRESENT', '2026-04-08 12:20:53'),
(174, 120, 'PRACTICAL', 62.00, 'PRESENT', '2026-04-08 12:20:53'),
(175, 129, 'PRACTICAL', 80.00, 'PRESENT', '2026-04-08 12:20:53'),
(176, 138, 'PRACTICAL', 62.00, 'PRESENT', '2026-04-08 12:20:53'),
(177, 147, 'PRACTICAL', 80.00, 'PRESENT', '2026-04-08 12:20:53'),
(178, 156, 'PRACTICAL', 62.00, 'PRESENT', '2026-04-08 12:20:53'),
(179, 165, 'PRACTICAL', 80.00, 'PRESENT', '2026-04-08 12:20:53'),
(180, 174, 'PRACTICAL', 62.00, 'PRESENT', '2026-04-08 12:20:53'),
(181, 5, 'PRACTICAL', 64.00, 'PRESENT', '2026-04-08 12:20:53'),
(182, 14, 'PRACTICAL', 82.00, 'PRESENT', '2026-04-08 12:20:53'),
(183, 23, 'PRACTICAL', 64.00, 'PRESENT', '2026-04-08 12:20:53'),
(184, 32, 'PRACTICAL', 82.00, 'PRESENT', '2026-04-08 12:20:53'),
(185, 41, 'PRACTICAL', 64.00, 'PRESENT', '2026-04-08 12:20:53'),
(186, 50, 'PRACTICAL', 82.00, 'PRESENT', '2026-04-08 12:20:53'),
(187, 59, 'PRACTICAL', 64.00, 'PRESENT', '2026-04-08 12:20:53'),
(188, 68, 'PRACTICAL', 82.00, 'PRESENT', '2026-04-08 12:20:53'),
(189, 77, 'PRACTICAL', 64.00, 'PRESENT', '2026-04-08 12:20:53'),
(190, 86, 'PRACTICAL', 82.00, 'PRESENT', '2026-04-08 12:20:53'),
(191, 95, 'PRACTICAL', 64.00, 'PRESENT', '2026-04-08 12:20:53'),
(192, 104, 'PRACTICAL', 82.00, 'PRESENT', '2026-04-08 12:20:53'),
(193, 113, 'PRACTICAL', 64.00, 'PRESENT', '2026-04-08 12:20:53'),
(194, 122, 'PRACTICAL', 82.00, 'PRESENT', '2026-04-08 12:20:53'),
(195, 131, 'PRACTICAL', 64.00, 'PRESENT', '2026-04-08 12:20:53'),
(196, 140, 'PRACTICAL', 82.00, 'PRESENT', '2026-04-08 12:20:53'),
(197, 149, 'PRACTICAL', 64.00, 'PRESENT', '2026-04-08 12:20:53'),
(198, 158, 'PRACTICAL', 82.00, 'PRESENT', '2026-04-08 12:20:53'),
(199, 167, 'PRACTICAL', 64.00, 'PRESENT', '2026-04-08 12:20:53'),
(200, 176, 'PRACTICAL', 82.00, 'PRESENT', '2026-04-08 12:20:53');

-- --------------------------------------------------------

--
-- Table structure for table `notices`
--

CREATE TABLE `notices` (
  `id` int(11) NOT NULL,
  `title` varchar(150) NOT NULL,
  `content` text NOT NULL,
  `audience` enum('ALL','STUDENT','LECTURER','TO') NOT NULL DEFAULT 'ALL',
  `priority` enum('LOW','MEDIUM','HIGH') NOT NULL DEFAULT 'MEDIUM',
  `status` enum('ACTIVE','INACTIVE') NOT NULL DEFAULT 'ACTIVE',
  `published_date` date NOT NULL,
  `expiry_date` date DEFAULT NULL,
  `created_by` int(11) NOT NULL,
  `created_at` timestamp NOT NULL DEFAULT current_timestamp(),
  `updated_at` timestamp NOT NULL DEFAULT current_timestamp() ON UPDATE current_timestamp()
) ENGINE=InnoDB DEFAULT CHARSET=utf8mb4 COLLATE=utf8mb4_general_ci;

--
-- Dumping data for table `notices`
--

INSERT INTO `notices` (`id`, `title`, `content`, `audience`, `priority`, `status`, `published_date`, `expiry_date`, `created_by`, `created_at`, `updated_at`) VALUES
(1, 'Semester Registration Notice', 'All undergraduates must complete semester registration before 2026-04-15.', 'STUDENT', 'HIGH', 'ACTIVE', '2026-04-01', '2026-04-15', 1, '2026-04-08 02:30:00', '2026-04-08 02:30:00'),
(2, 'Mid Examination Timetable Released', 'The mid examination timetable for semester 2 has been released. Students are advised to check the notice board and LMS.', 'STUDENT', 'HIGH', 'ACTIVE', '2026-04-03', '2026-04-25', 1, '2026-04-08 02:35:00', '2026-04-08 02:35:00'),
(3, 'Assignment Submission Deadline', 'Assignments for ICT2142 and ICT2122 must be submitted on or before 2026-04-18.', 'STUDENT', 'MEDIUM', 'ACTIVE', '2026-04-05', '2026-04-18', 1, '2026-04-08 02:40:00', '2026-04-08 02:40:00'),
(4, 'Repeat Student Meeting', 'All repeat students are required to attend the academic\n progress meeting on 2026-04-12 at 10.00 AM.', 'STUDENT', 'HIGH', 'ACTIVE', '2026-04-06', '2026-04-12', 1, '2026-04-08 02:45:00', '2026-04-25 11:10:53'),
(5, 'Batch Missed Student Registration', 'Batch missed students should meet the department coordinator to confirm course registration for the current semester.', 'STUDENT', 'MEDIUM', 'ACTIVE', '2026-04-06', '2026-04-20', 1, '2026-04-08 02:50:00', '2026-04-08 02:50:00'),
(6, 'Lecture Material Upload Reminder', 'Lecturers are kindly requested to upload course materials to the system before the start of each week.', 'LECTURER', 'MEDIUM', 'ACTIVE', '2026-04-02', '2026-04-30', 1, '2026-04-08 02:55:00', '2026-04-08 02:55:00'),
(7, 'Marks Submission Deadline', 'All lecturers must submit quiz, assessment, and examination marks before 2026-04-28.', 'LECTURER', 'HIGH', 'ACTIVE', '2026-04-04', '2026-04-28', 1, '2026-04-08 03:00:00', '2026-04-08 03:00:00'),
(8, 'Staff Meeting', 'All lecturers and technical officers are requested to attend the monthly staff meeting in the faculty board room.', 'LECTURER', 'MEDIUM', 'ACTIVE', '2026-04-07', '2026-04-20', 1, '2026-04-08 03:05:00', '2026-04-08 03:05:00'),
(9, 'Lab Equipment Maintenance', 'Technical officers should complete the routine maintenance of laboratory equipment before Friday.', 'TO', 'HIGH', 'ACTIVE', '2026-04-05', '2026-04-12', 1, '2026-04-08 03:10:00', '2026-04-08 03:10:00'),
(10, 'Network Downtime Notice', 'The faculty network will be temporarily unavailable on 2026-04-14 from 6.00 PM to 8.00 PM due to scheduled maintenance.', 'ALL', 'MEDIUM', 'ACTIVE', '2026-04-08', '2026-04-14', 1, '2026-04-08 03:15:00', '2026-04-08 03:15:00'),
(11, 'New Library Resources', 'New reference books and learning materials for semester 2 courses are now available in the library.', 'ALL', 'LOW', 'ACTIVE', '2026-03-28', '2026-04-30', 1, '2026-04-08 03:20:00', '2026-04-08 03:20:00'),
(12, 'Past Notice Sample', 'This inactive record can be used to test notice filtering and archive behavior in the system.', 'STUDENT', 'LOW', 'INACTIVE', '2026-03-01', '2026-03-15', 1, '2026-04-08 03:25:00', '2026-04-08 03:25:00'),
(13, 'vacation', 'vacation for corona', 'ALL', 'MEDIUM', 'ACTIVE', '2026-04-20', '2026-04-24', 1, '2026-04-25 11:12:28', '2026-04-25 11:12:28');

-- --------------------------------------------------------

--
-- Table structure for table `quizzes`
--

CREATE TABLE `quizzes` (
  `id` int(11) NOT NULL,
  `mark_id` int(11) NOT NULL,
  `quiz_no` tinyint(4) NOT NULL,
  `quiz_mark` decimal(5,2) NOT NULL DEFAULT 0.00,
  `status` enum('PENDING','PRESENT','ABSENT','MEDICAL') NOT NULL DEFAULT 'PENDING',
  `created_at` timestamp NOT NULL DEFAULT current_timestamp(),
  `updated_at` timestamp NOT NULL DEFAULT current_timestamp() ON UPDATE current_timestamp()
) ;

--
-- Dumping data for table `quizzes`
--

INSERT INTO `quizzes` (`id`, `mark_id`, `quiz_no`, `quiz_mark`, `status`, `created_at`, `updated_at`) VALUES
(1, 1, 1, 60.00, 'PRESENT', '2026-04-08 12:20:53', '2026-04-08 12:20:53'),
(2, 10, 1, 56.00, 'PRESENT', '2026-04-08 12:20:53', '2026-04-08 12:20:53'),
(3, 19, 1, 83.00, 'PRESENT', '2026-04-08 12:20:53', '2026-04-08 12:20:53'),
(4, 28, 1, 79.00, 'PRESENT', '2026-04-08 12:20:53', '2026-04-08 12:20:53'),
(5, 37, 1, 75.00, 'PRESENT', '2026-04-08 12:20:53', '2026-04-08 12:20:53'),
(6, 46, 1, 71.00, 'PRESENT', '2026-04-08 12:20:53', '2026-04-08 12:20:53'),
(7, 55, 1, 67.00, 'PRESENT', '2026-04-08 12:20:53', '2026-04-08 12:20:53'),
(8, 64, 1, 63.00, 'PRESENT', '2026-04-08 12:20:53', '2026-04-08 12:20:53'),
(9, 73, 1, 59.00, 'PRESENT', '2026-04-08 12:20:53', '2026-04-08 12:20:53'),
(10, 82, 1, 55.00, 'PRESENT', '2026-04-08 12:20:53', '2026-04-08 12:20:53'),
(11, 91, 1, 82.00, 'PRESENT', '2026-04-08 12:20:53', '2026-04-08 12:20:53'),
(12, 100, 1, 78.00, 'PRESENT', '2026-04-08 12:20:53', '2026-04-08 12:20:53'),
(13, 109, 1, 74.00, 'PRESENT', '2026-04-08 12:20:53', '2026-04-08 12:20:53'),
(14, 118, 1, 70.00, 'PRESENT', '2026-04-08 12:20:53', '2026-04-08 12:20:53'),
(15, 1, 2, 58.00, 'PRESENT', '2026-04-08 12:20:53', '2026-04-08 12:20:53'),
(16, 10, 2, 67.00, 'PRESENT', '2026-04-08 12:20:53', '2026-04-08 12:20:53'),
(17, 19, 2, 76.00, 'PRESENT', '2026-04-08 12:20:53', '2026-04-08 12:20:53'),
(18, 28, 2, 85.00, 'PRESENT', '2026-04-08 12:20:53', '2026-04-08 12:20:53'),
(19, 37, 2, 58.00, 'PRESENT', '2026-04-08 12:20:53', '2026-04-08 12:20:53'),
(20, 46, 2, 67.00, 'PRESENT', '2026-04-08 12:20:53', '2026-04-08 12:20:53'),
(21, 55, 2, 76.00, 'PRESENT', '2026-04-08 12:20:53', '2026-04-08 12:20:53'),
(22, 64, 2, 85.00, 'PRESENT', '2026-04-08 12:20:53', '2026-04-08 12:20:53'),
(23, 73, 2, 58.00, 'PRESENT', '2026-04-08 12:20:53', '2026-04-08 12:20:53'),
(24, 82, 2, 67.00, 'PRESENT', '2026-04-08 12:20:53', '2026-04-08 12:20:53'),
(25, 91, 2, 76.00, 'PRESENT', '2026-04-08 12:20:53', '2026-04-08 12:20:53'),
(26, 100, 2, 85.00, 'PRESENT', '2026-04-08 12:20:53', '2026-04-08 12:20:53'),
(27, 109, 2, 100.00, 'PRESENT', '2026-04-08 12:20:53', '2026-04-08 13:10:36'),
(28, 118, 2, 100.00, 'PRESENT', '2026-04-08 12:20:53', '2026-04-08 13:10:36'),
(29, 1, 3, 63.00, 'PRESENT', '2026-04-08 12:20:53', '2026-04-08 12:20:53'),
(30, 10, 3, 58.00, 'PRESENT', '2026-04-08 12:20:53', '2026-04-08 12:20:53'),
(31, 19, 3, 53.00, 'PRESENT', '2026-04-08 12:20:53', '2026-04-08 12:20:53'),
(32, 28, 3, 82.00, 'PRESENT', '2026-04-08 12:20:53', '2026-04-08 12:20:53'),
(33, 37, 3, 77.00, 'PRESENT', '2026-04-08 12:20:53', '2026-04-08 12:20:53'),
(34, 46, 3, 72.00, 'PRESENT', '2026-04-08 12:20:53', '2026-04-08 12:20:53'),
(35, 55, 3, 67.00, 'PRESENT', '2026-04-08 12:20:53', '2026-04-08 12:20:53'),
(36, 64, 3, 62.00, 'PRESENT', '2026-04-08 12:20:53', '2026-04-08 12:20:53'),
(37, 73, 3, 57.00, 'PRESENT', '2026-04-08 12:20:53', '2026-04-08 12:20:53'),
(38, 82, 3, 52.00, 'PRESENT', '2026-04-08 12:20:53', '2026-04-08 12:20:53'),
(39, 91, 3, 81.00, 'PRESENT', '2026-04-08 12:20:53', '2026-04-08 12:20:53'),
(40, 100, 3, 76.00, 'PRESENT', '2026-04-08 12:20:53', '2026-04-08 12:20:53'),
(41, 109, 3, 71.00, 'PRESENT', '2026-04-08 12:20:53', '2026-04-08 12:20:53'),
(42, 118, 3, 66.00, 'PRESENT', '2026-04-08 12:20:53', '2026-04-08 12:20:53'),
(43, 127, 1, 66.00, 'PRESENT', '2026-04-08 12:20:53', '2026-04-08 12:20:53'),
(44, 136, 1, 62.00, 'PRESENT', '2026-04-08 12:20:53', '2026-04-08 12:20:53'),
(45, 145, 1, 58.00, 'PRESENT', '2026-04-08 12:20:53', '2026-04-08 12:20:53'),
(46, 154, 1, 85.00, 'PRESENT', '2026-04-08 12:20:53', '2026-04-08 12:20:53'),
(47, 163, 1, 81.00, 'PRESENT', '2026-04-08 12:20:53', '2026-04-08 12:20:53'),
(48, 172, 1, 77.00, 'PRESENT', '2026-04-08 12:20:53', '2026-04-08 12:20:53'),
(49, 2, 1, 65.00, 'PRESENT', '2026-04-08 12:20:53', '2026-04-08 12:20:53'),
(50, 11, 1, 61.00, 'PRESENT', '2026-04-08 12:20:53', '2026-04-08 12:20:53'),
(51, 20, 1, 57.00, 'PRESENT', '2026-04-08 12:20:53', '2026-04-08 12:20:53'),
(52, 29, 1, 84.00, 'PRESENT', '2026-04-08 12:20:53', '2026-04-08 12:20:53'),
(53, 38, 1, 80.00, 'PRESENT', '2026-04-08 12:20:53', '2026-04-08 12:20:53'),
(54, 47, 1, 76.00, 'PRESENT', '2026-04-08 12:20:53', '2026-04-08 12:20:53'),
(55, 56, 1, 72.00, 'PRESENT', '2026-04-08 12:20:53', '2026-04-08 12:20:53'),
(56, 65, 1, 68.00, 'PRESENT', '2026-04-08 12:20:53', '2026-04-08 12:20:53'),
(57, 127, 2, 76.00, 'PRESENT', '2026-04-08 12:20:53', '2026-04-08 12:20:53'),
(58, 136, 2, 85.00, 'PRESENT', '2026-04-08 12:20:53', '2026-04-08 12:20:53'),
(59, 145, 2, 58.00, 'PRESENT', '2026-04-08 12:20:53', '2026-04-08 12:20:53'),
(60, 154, 2, 67.00, 'PRESENT', '2026-04-08 12:20:53', '2026-04-08 12:20:53'),
(61, 163, 2, 76.00, 'PRESENT', '2026-04-08 12:20:53', '2026-04-08 12:20:53'),
(62, 172, 2, 100.00, 'PRESENT', '2026-04-08 12:20:53', '2026-04-08 13:09:56'),
(63, 2, 2, 66.00, 'PRESENT', '2026-04-08 12:20:53', '2026-04-08 12:20:53'),
(64, 11, 2, 75.00, 'PRESENT', '2026-04-08 12:20:53', '2026-04-08 12:20:53'),
(65, 20, 2, 84.00, 'PRESENT', '2026-04-08 12:20:53', '2026-04-08 12:20:53'),
(66, 29, 2, 57.00, 'PRESENT', '2026-04-08 12:20:53', '2026-04-08 12:20:53'),
(67, 38, 2, 66.00, 'PRESENT', '2026-04-08 12:20:53', '2026-04-08 12:20:53'),
(68, 47, 2, 75.00, 'PRESENT', '2026-04-08 12:20:53', '2026-04-08 12:20:53'),
(69, 56, 2, 84.00, 'PRESENT', '2026-04-08 12:20:53', '2026-04-08 12:20:53'),
(70, 65, 2, 57.00, 'PRESENT', '2026-04-08 12:20:53', '2026-04-08 12:20:53'),
(71, 127, 3, 61.00, 'PRESENT', '2026-04-08 12:20:53', '2026-04-08 12:20:53'),
(72, 136, 3, 56.00, 'PRESENT', '2026-04-08 12:20:53', '2026-04-08 12:20:53'),
(73, 145, 3, 85.00, 'PRESENT', '2026-04-08 12:20:53', '2026-04-08 12:20:53'),
(74, 154, 3, 80.00, 'PRESENT', '2026-04-08 12:20:53', '2026-04-08 12:20:53'),
(75, 163, 3, 75.00, 'PRESENT', '2026-04-08 12:20:53', '2026-04-08 12:20:53'),
(76, 172, 3, 70.00, 'PRESENT', '2026-04-08 12:20:53', '2026-04-08 12:20:53'),
(77, 2, 3, 74.00, 'PRESENT', '2026-04-08 12:20:53', '2026-04-08 12:20:53'),
(78, 11, 3, 69.00, 'PRESENT', '2026-04-08 12:20:53', '2026-04-08 12:20:53'),
(79, 20, 3, 64.00, 'PRESENT', '2026-04-08 12:20:53', '2026-04-08 12:20:53'),
(80, 29, 3, 59.00, 'PRESENT', '2026-04-08 12:20:53', '2026-04-08 12:20:53'),
(81, 38, 3, 54.00, 'PRESENT', '2026-04-08 12:20:53', '2026-04-08 12:20:53'),
(82, 47, 3, 83.00, 'PRESENT', '2026-04-08 12:20:53', '2026-04-08 12:20:53'),
(83, 56, 3, 78.00, 'PRESENT', '2026-04-08 12:20:53', '2026-04-08 12:20:53'),
(84, 65, 3, 73.00, 'PRESENT', '2026-04-08 12:20:53', '2026-04-08 12:20:53'),
(85, 74, 1, 64.00, 'PRESENT', '2026-04-08 12:20:53', '2026-04-08 12:20:53'),
(86, 83, 1, 60.00, 'PRESENT', '2026-04-08 12:20:53', '2026-04-08 12:20:53'),
(87, 92, 1, 56.00, 'PRESENT', '2026-04-08 12:20:53', '2026-04-08 12:20:53'),
(88, 101, 1, 83.00, 'PRESENT', '2026-04-08 12:20:53', '2026-04-08 12:20:53'),
(89, 110, 1, 79.00, 'PRESENT', '2026-04-08 12:20:53', '2026-04-08 12:20:53'),
(90, 119, 1, 75.00, 'PRESENT', '2026-04-08 12:20:53', '2026-04-08 12:20:53'),
(91, 128, 1, 71.00, 'PRESENT', '2026-04-08 12:20:53', '2026-04-08 12:20:53'),
(92, 137, 1, 67.00, 'PRESENT', '2026-04-08 12:20:53', '2026-04-08 12:20:53'),
(93, 146, 1, 63.00, 'PRESENT', '2026-04-08 12:20:53', '2026-04-08 12:20:53'),
(94, 155, 1, 59.00, 'PRESENT', '2026-04-08 12:20:53', '2026-04-08 12:20:53'),
(95, 164, 1, 55.00, 'PRESENT', '2026-04-08 12:20:53', '2026-04-08 12:20:53'),
(96, 173, 1, 82.00, 'PRESENT', '2026-04-08 12:20:53', '2026-04-08 12:20:53'),
(97, 3, 1, 70.00, 'PRESENT', '2026-04-08 12:20:53', '2026-04-08 12:20:53'),
(98, 12, 1, 66.00, 'PRESENT', '2026-04-08 12:20:53', '2026-04-08 12:20:53'),
(99, 74, 2, 66.00, 'PRESENT', '2026-04-08 12:20:53', '2026-04-08 12:20:53'),
(100, 83, 2, 75.00, 'PRESENT', '2026-04-08 12:20:53', '2026-04-08 12:20:53'),
(101, 92, 2, 84.00, 'PRESENT', '2026-04-08 12:20:53', '2026-04-08 12:20:53'),
(102, 101, 2, 57.00, 'PRESENT', '2026-04-08 12:20:53', '2026-04-08 12:20:53'),
(103, 110, 2, 66.00, 'PRESENT', '2026-04-08 12:20:53', '2026-04-08 12:20:53'),
(104, 119, 2, 75.00, 'PRESENT', '2026-04-08 12:20:53', '2026-04-08 12:20:53'),
(105, 128, 2, 84.00, 'PRESENT', '2026-04-08 12:20:53', '2026-04-08 12:20:53'),
(106, 137, 2, 57.00, 'PRESENT', '2026-04-08 12:20:53', '2026-04-08 12:20:53'),
(107, 146, 2, 66.00, 'PRESENT', '2026-04-08 12:20:53', '2026-04-08 12:20:53'),
(108, 155, 2, 75.00, 'PRESENT', '2026-04-08 12:20:53', '2026-04-08 12:20:53'),
(109, 164, 2, 84.00, 'PRESENT', '2026-04-08 12:20:53', '2026-04-08 12:20:53'),
(110, 173, 2, 57.00, 'PRESENT', '2026-04-08 12:20:53', '2026-04-08 12:20:53'),
(111, 3, 2, 74.00, 'PRESENT', '2026-04-08 12:20:53', '2026-04-08 12:20:53'),
(112, 12, 2, 83.00, 'PRESENT', '2026-04-08 12:20:53', '2026-04-08 12:20:53'),
(113, 74, 3, 68.00, 'PRESENT', '2026-04-08 12:20:53', '2026-04-08 12:20:53'),
(114, 83, 3, 63.00, 'PRESENT', '2026-04-08 12:20:53', '2026-04-08 12:20:53'),
(115, 92, 3, 58.00, 'PRESENT', '2026-04-08 12:20:53', '2026-04-08 12:20:53'),
(116, 101, 3, 53.00, 'PRESENT', '2026-04-08 12:20:53', '2026-04-08 12:20:53'),
(117, 110, 3, 82.00, 'PRESENT', '2026-04-08 12:20:53', '2026-04-08 12:20:53'),
(118, 119, 3, 77.00, 'PRESENT', '2026-04-08 12:20:53', '2026-04-08 12:20:53'),
(119, 128, 3, 72.00, 'PRESENT', '2026-04-08 12:20:53', '2026-04-08 12:20:53'),
(120, 137, 3, 67.00, 'PRESENT', '2026-04-08 12:20:53', '2026-04-08 12:20:53'),
(121, 146, 3, 62.00, 'PRESENT', '2026-04-08 12:20:53', '2026-04-08 12:20:53'),
(122, 155, 3, 57.00, 'PRESENT', '2026-04-08 12:20:53', '2026-04-08 12:20:53'),
(123, 164, 3, 52.00, 'PRESENT', '2026-04-08 12:20:53', '2026-04-08 12:20:53'),
(124, 173, 3, 81.00, 'PRESENT', '2026-04-08 12:20:53', '2026-04-08 12:20:53'),
(125, 3, 3, 85.00, 'PRESENT', '2026-04-08 12:20:53', '2026-04-08 12:20:53'),
(126, 12, 3, 80.00, 'PRESENT', '2026-04-08 12:20:53', '2026-04-08 12:20:53'),
(127, 21, 1, 62.00, 'PRESENT', '2026-04-08 12:20:53', '2026-04-08 12:20:53'),
(128, 30, 1, 58.00, 'PRESENT', '2026-04-08 12:20:53', '2026-04-08 12:20:53'),
(129, 39, 1, 85.00, 'PRESENT', '2026-04-08 12:20:53', '2026-04-08 12:20:53'),
(130, 48, 1, 81.00, 'PRESENT', '2026-04-08 12:20:53', '2026-04-08 12:20:53'),
(131, 57, 1, 77.00, 'PRESENT', '2026-04-08 12:20:53', '2026-04-08 12:20:53'),
(132, 66, 1, 73.00, 'PRESENT', '2026-04-08 12:20:53', '2026-04-08 12:20:53'),
(133, 75, 1, 69.00, 'PRESENT', '2026-04-08 12:20:53', '2026-04-08 12:20:53'),
(134, 84, 1, 65.00, 'PRESENT', '2026-04-08 12:20:53', '2026-04-08 12:20:53'),
(135, 93, 1, 61.00, 'PRESENT', '2026-04-08 12:20:53', '2026-04-08 12:20:53'),
(136, 102, 1, 57.00, 'PRESENT', '2026-04-08 12:20:53', '2026-04-08 12:20:53'),
(137, 111, 1, 84.00, 'PRESENT', '2026-04-08 12:20:53', '2026-04-08 12:20:53'),
(138, 120, 1, 80.00, 'PRESENT', '2026-04-08 12:20:53', '2026-04-08 12:20:53'),
(139, 129, 1, 76.00, 'PRESENT', '2026-04-08 12:20:53', '2026-04-08 12:20:53'),
(140, 138, 1, 72.00, 'PRESENT', '2026-04-08 12:20:53', '2026-04-08 12:20:53'),
(141, 21, 2, 56.00, 'PRESENT', '2026-04-08 12:20:53', '2026-04-08 12:20:53'),
(142, 30, 2, 65.00, 'PRESENT', '2026-04-08 12:20:53', '2026-04-08 12:20:53'),
(143, 39, 2, 74.00, 'PRESENT', '2026-04-08 12:20:53', '2026-04-08 12:20:53'),
(144, 48, 2, 83.00, 'PRESENT', '2026-04-08 12:20:53', '2026-04-08 12:20:53'),
(145, 57, 2, 56.00, 'PRESENT', '2026-04-08 12:20:53', '2026-04-08 12:20:53'),
(146, 66, 2, 65.00, 'PRESENT', '2026-04-08 12:20:53', '2026-04-08 12:20:53'),
(147, 75, 2, 74.00, 'PRESENT', '2026-04-08 12:20:53', '2026-04-08 12:20:53'),
(148, 84, 2, 83.00, 'PRESENT', '2026-04-08 12:20:53', '2026-04-08 12:20:53'),
(149, 93, 2, 56.00, 'PRESENT', '2026-04-08 12:20:53', '2026-04-08 12:20:53'),
(150, 102, 2, 65.00, 'PRESENT', '2026-04-08 12:20:53', '2026-04-08 12:20:53'),
(151, 111, 2, 74.00, 'PRESENT', '2026-04-08 12:20:53', '2026-04-08 12:20:53'),
(152, 120, 2, 83.00, 'PRESENT', '2026-04-08 12:20:53', '2026-04-08 12:20:53'),
(153, 129, 2, 56.00, 'PRESENT', '2026-04-08 12:20:53', '2026-04-08 12:20:53'),
(154, 138, 2, 65.00, 'PRESENT', '2026-04-08 12:20:53', '2026-04-08 12:20:53'),
(155, 21, 3, 75.00, 'PRESENT', '2026-04-08 12:20:53', '2026-04-08 12:20:53'),
(156, 30, 3, 70.00, 'PRESENT', '2026-04-08 12:20:53', '2026-04-08 12:20:53'),
(157, 39, 3, 65.00, 'PRESENT', '2026-04-08 12:20:53', '2026-04-08 12:20:53'),
(158, 48, 3, 60.00, 'PRESENT', '2026-04-08 12:20:53', '2026-04-08 12:20:53'),
(159, 57, 3, 55.00, 'PRESENT', '2026-04-08 12:20:53', '2026-04-08 12:20:53'),
(160, 66, 3, 84.00, 'PRESENT', '2026-04-08 12:20:53', '2026-04-08 12:20:53'),
(161, 75, 3, 79.00, 'PRESENT', '2026-04-08 12:20:53', '2026-04-08 12:20:53'),
(162, 84, 3, 74.00, 'PRESENT', '2026-04-08 12:20:53', '2026-04-08 12:20:53'),
(163, 93, 3, 69.00, 'PRESENT', '2026-04-08 12:20:53', '2026-04-08 12:20:53'),
(164, 102, 3, 64.00, 'PRESENT', '2026-04-08 12:20:53', '2026-04-08 12:20:53'),
(165, 111, 3, 59.00, 'PRESENT', '2026-04-08 12:20:53', '2026-04-08 12:20:53'),
(166, 120, 3, 54.00, 'PRESENT', '2026-04-08 12:20:53', '2026-04-08 12:20:53'),
(167, 129, 3, 83.00, 'PRESENT', '2026-04-08 12:20:53', '2026-04-08 12:20:53'),
(168, 138, 3, 78.00, 'PRESENT', '2026-04-08 12:20:53', '2026-04-08 12:20:53'),
(169, 147, 1, 68.00, 'PRESENT', '2026-04-08 12:20:53', '2026-04-08 12:20:53'),
(170, 156, 1, 64.00, 'PRESENT', '2026-04-08 12:20:53', '2026-04-08 12:20:53'),
(171, 165, 1, 60.00, 'PRESENT', '2026-04-08 12:20:53', '2026-04-08 12:20:53'),
(172, 174, 1, 56.00, 'PRESENT', '2026-04-08 12:20:53', '2026-04-08 12:20:53'),
(173, 4, 1, 75.00, 'PRESENT', '2026-04-08 12:20:53', '2026-04-08 12:20:53'),
(174, 13, 1, 71.00, 'PRESENT', '2026-04-08 12:20:53', '2026-04-08 12:20:53'),
(175, 22, 1, 67.00, 'PRESENT', '2026-04-08 12:20:53', '2026-04-08 12:20:53'),
(176, 31, 1, 63.00, 'PRESENT', '2026-04-08 12:20:53', '2026-04-08 12:20:53'),
(177, 40, 1, 59.00, 'PRESENT', '2026-04-08 12:20:53', '2026-04-08 12:20:53'),
(178, 49, 1, 55.00, 'PRESENT', '2026-04-08 12:20:53', '2026-04-08 12:20:53'),
(179, 58, 1, 82.00, 'PRESENT', '2026-04-08 12:20:53', '2026-04-08 12:20:53'),
(180, 67, 1, 78.00, 'PRESENT', '2026-04-08 12:20:53', '2026-04-08 12:20:53'),
(181, 76, 1, 74.00, 'PRESENT', '2026-04-08 12:20:53', '2026-04-08 12:20:53'),
(182, 85, 1, 70.00, 'PRESENT', '2026-04-08 12:20:53', '2026-04-08 12:20:53'),
(183, 147, 2, 74.00, 'PRESENT', '2026-04-08 12:20:53', '2026-04-08 12:20:53'),
(184, 156, 2, 83.00, 'PRESENT', '2026-04-08 12:20:53', '2026-04-08 12:20:53'),
(185, 165, 2, 56.00, 'PRESENT', '2026-04-08 12:20:53', '2026-04-08 12:20:53'),
(186, 174, 2, 65.00, 'PRESENT', '2026-04-08 12:20:53', '2026-04-08 12:20:53'),
(187, 4, 2, 82.00, 'PRESENT', '2026-04-08 12:20:53', '2026-04-08 12:20:53'),
(188, 13, 2, 55.00, 'PRESENT', '2026-04-08 12:20:53', '2026-04-08 12:20:53'),
(189, 22, 2, 64.00, 'PRESENT', '2026-04-08 12:20:53', '2026-04-08 12:20:53'),
(190, 31, 2, 73.00, 'PRESENT', '2026-04-08 12:20:53', '2026-04-08 12:20:53'),
(191, 40, 2, 82.00, 'PRESENT', '2026-04-08 12:20:53', '2026-04-08 12:20:53'),
(192, 49, 2, 55.00, 'PRESENT', '2026-04-08 12:20:53', '2026-04-08 12:20:53'),
(193, 58, 2, 64.00, 'PRESENT', '2026-04-08 12:20:53', '2026-04-08 12:20:53'),
(194, 67, 2, 73.00, 'PRESENT', '2026-04-08 12:20:53', '2026-04-08 12:20:53'),
(195, 76, 2, 82.00, 'PRESENT', '2026-04-08 12:20:53', '2026-04-08 12:20:53'),
(196, 85, 2, 55.00, 'PRESENT', '2026-04-08 12:20:53', '2026-04-08 12:20:53'),
(197, 147, 3, 73.00, 'PRESENT', '2026-04-08 12:20:53', '2026-04-08 12:20:53'),
(198, 156, 3, 68.00, 'PRESENT', '2026-04-08 12:20:53', '2026-04-08 12:20:53'),
(199, 165, 3, 63.00, 'PRESENT', '2026-04-08 12:20:53', '2026-04-08 12:20:53'),
(200, 174, 3, 58.00, 'PRESENT', '2026-04-08 12:20:53', '2026-04-08 12:20:53'),
(201, 4, 3, 62.00, 'PRESENT', '2026-04-08 12:20:53', '2026-04-08 12:20:53'),
(202, 13, 3, 57.00, 'PRESENT', '2026-04-08 12:20:53', '2026-04-08 12:20:53'),
(203, 22, 3, 52.00, 'PRESENT', '2026-04-08 12:20:53', '2026-04-08 12:20:53'),
(204, 31, 3, 81.00, 'PRESENT', '2026-04-08 12:20:53', '2026-04-08 12:20:53'),
(205, 40, 3, 76.00, 'PRESENT', '2026-04-08 12:20:53', '2026-04-08 12:20:53'),
(206, 49, 3, 71.00, 'PRESENT', '2026-04-08 12:20:53', '2026-04-08 12:20:53'),
(207, 58, 3, 66.00, 'PRESENT', '2026-04-08 12:20:53', '2026-04-08 12:20:53'),
(208, 67, 3, 61.00, 'PRESENT', '2026-04-08 12:20:53', '2026-04-08 12:20:53'),
(209, 76, 3, 56.00, 'PRESENT', '2026-04-08 12:20:53', '2026-04-08 12:20:53'),
(210, 85, 3, 85.00, 'PRESENT', '2026-04-08 12:20:53', '2026-04-08 12:20:53'),
(211, 94, 1, 66.00, 'PRESENT', '2026-04-08 12:20:53', '2026-04-08 12:20:53'),
(212, 103, 1, 62.00, 'PRESENT', '2026-04-08 12:20:53', '2026-04-08 12:20:53'),
(213, 112, 1, 58.00, 'PRESENT', '2026-04-08 12:20:53', '2026-04-08 12:20:53'),
(214, 121, 1, 85.00, 'PRESENT', '2026-04-08 12:20:53', '2026-04-08 12:20:53'),
(215, 130, 1, 81.00, 'PRESENT', '2026-04-08 12:20:53', '2026-04-08 12:20:53'),
(216, 139, 1, 77.00, 'PRESENT', '2026-04-08 12:20:53', '2026-04-08 12:20:53'),
(217, 148, 1, 73.00, 'PRESENT', '2026-04-08 12:20:53', '2026-04-08 12:20:53'),
(218, 157, 1, 69.00, 'PRESENT', '2026-04-08 12:20:53', '2026-04-08 12:20:53'),
(219, 166, 1, 65.00, 'PRESENT', '2026-04-08 12:20:53', '2026-04-08 12:20:53'),
(220, 175, 1, 61.00, 'PRESENT', '2026-04-08 12:20:53', '2026-04-08 12:20:53'),
(221, 5, 1, 80.00, 'PRESENT', '2026-04-08 12:20:53', '2026-04-08 12:20:53'),
(222, 14, 1, 76.00, 'PRESENT', '2026-04-08 12:20:53', '2026-04-08 12:20:53'),
(223, 23, 1, 72.00, 'PRESENT', '2026-04-08 12:20:53', '2026-04-08 12:20:53'),
(224, 32, 1, 68.00, 'PRESENT', '2026-04-08 12:20:53', '2026-04-08 12:20:53'),
(225, 94, 2, 64.00, 'PRESENT', '2026-04-08 12:20:53', '2026-04-08 12:20:53'),
(226, 103, 2, 73.00, 'PRESENT', '2026-04-08 12:20:53', '2026-04-08 12:20:53'),
(227, 112, 2, 82.00, 'PRESENT', '2026-04-08 12:20:53', '2026-04-08 12:20:53'),
(228, 121, 2, 55.00, 'PRESENT', '2026-04-08 12:20:53', '2026-04-08 12:20:53'),
(229, 130, 2, 64.00, 'PRESENT', '2026-04-08 12:20:53', '2026-04-08 12:20:53'),
(230, 139, 2, 73.00, 'PRESENT', '2026-04-08 12:20:53', '2026-04-08 12:20:53'),
(231, 148, 2, 82.00, 'PRESENT', '2026-04-08 12:20:53', '2026-04-08 12:20:53'),
(232, 157, 2, 55.00, 'PRESENT', '2026-04-08 12:20:53', '2026-04-08 12:20:53'),
(233, 166, 2, 64.00, 'PRESENT', '2026-04-08 12:20:53', '2026-04-08 12:20:53'),
(234, 175, 2, 73.00, 'PRESENT', '2026-04-08 12:20:53', '2026-04-08 12:20:53'),
(235, 5, 2, 54.00, 'PRESENT', '2026-04-08 12:20:53', '2026-04-08 12:20:53'),
(236, 14, 2, 63.00, 'PRESENT', '2026-04-08 12:20:53', '2026-04-08 12:20:53'),
(237, 23, 2, 72.00, 'PRESENT', '2026-04-08 12:20:53', '2026-04-08 12:20:53'),
(238, 32, 2, 81.00, 'PRESENT', '2026-04-08 12:20:53', '2026-04-08 12:20:53'),
(239, 94, 3, 80.00, 'PRESENT', '2026-04-08 12:20:53', '2026-04-08 12:20:53'),
(240, 103, 3, 75.00, 'PRESENT', '2026-04-08 12:20:53', '2026-04-08 12:20:53'),
(241, 112, 3, 70.00, 'PRESENT', '2026-04-08 12:20:53', '2026-04-08 12:20:53'),
(242, 121, 3, 65.00, 'PRESENT', '2026-04-08 12:20:53', '2026-04-08 12:20:53'),
(243, 130, 3, 60.00, 'PRESENT', '2026-04-08 12:20:53', '2026-04-08 12:20:53'),
(244, 139, 3, 55.00, 'PRESENT', '2026-04-08 12:20:53', '2026-04-08 12:20:53'),
(245, 148, 3, 84.00, 'PRESENT', '2026-04-08 12:20:53', '2026-04-08 12:20:53'),
(246, 157, 3, 79.00, 'PRESENT', '2026-04-08 12:20:53', '2026-04-08 12:20:53'),
(247, 166, 3, 74.00, 'PRESENT', '2026-04-08 12:20:53', '2026-04-08 12:20:53'),
(248, 175, 3, 69.00, 'PRESENT', '2026-04-08 12:20:53', '2026-04-08 12:20:53'),
(249, 5, 3, 73.00, 'PRESENT', '2026-04-08 12:20:53', '2026-04-08 12:20:53'),
(250, 14, 3, 68.00, 'PRESENT', '2026-04-08 12:20:53', '2026-04-08 12:20:53'),
(251, 23, 3, 63.00, 'PRESENT', '2026-04-08 12:20:53', '2026-04-08 12:20:53'),
(252, 32, 3, 58.00, 'PRESENT', '2026-04-08 12:20:53', '2026-04-08 12:20:53'),
(253, 41, 1, 64.00, 'PRESENT', '2026-04-08 12:20:53', '2026-04-08 12:20:53'),
(254, 50, 1, 60.00, 'PRESENT', '2026-04-08 12:20:53', '2026-04-08 12:20:53'),
(255, 59, 1, 56.00, 'PRESENT', '2026-04-08 12:20:53', '2026-04-08 12:20:53'),
(256, 68, 1, 83.00, 'PRESENT', '2026-04-08 12:20:53', '2026-04-08 12:20:53'),
(257, 77, 1, 79.00, 'PRESENT', '2026-04-08 12:20:53', '2026-04-08 12:20:53'),
(258, 86, 1, 75.00, 'PRESENT', '2026-04-08 12:20:53', '2026-04-08 12:20:53'),
(259, 95, 1, 71.00, 'PRESENT', '2026-04-08 12:20:53', '2026-04-08 12:20:53'),
(260, 104, 1, 67.00, 'PRESENT', '2026-04-08 12:20:53', '2026-04-08 12:20:53'),
(261, 113, 1, 63.00, 'PRESENT', '2026-04-08 12:20:53', '2026-04-08 12:20:53'),
(262, 122, 1, 59.00, 'PRESENT', '2026-04-08 12:20:53', '2026-04-08 12:20:53'),
(263, 131, 1, 55.00, 'PRESENT', '2026-04-08 12:20:53', '2026-04-08 12:20:53'),
(264, 140, 1, 82.00, 'PRESENT', '2026-04-08 12:20:53', '2026-04-08 12:20:53'),
(265, 149, 1, 78.00, 'PRESENT', '2026-04-08 12:20:53', '2026-04-08 12:20:53'),
(266, 158, 1, 74.00, 'PRESENT', '2026-04-08 12:20:53', '2026-04-08 12:20:53'),
(267, 41, 2, 54.00, 'PRESENT', '2026-04-08 12:20:53', '2026-04-08 12:20:53'),
(268, 50, 2, 63.00, 'PRESENT', '2026-04-08 12:20:53', '2026-04-08 12:20:53'),
(269, 59, 2, 72.00, 'PRESENT', '2026-04-08 12:20:53', '2026-04-08 12:20:53'),
(270, 68, 2, 81.00, 'PRESENT', '2026-04-08 12:20:53', '2026-04-08 12:20:53'),
(271, 77, 2, 54.00, 'PRESENT', '2026-04-08 12:20:53', '2026-04-08 12:20:53'),
(272, 86, 2, 63.00, 'PRESENT', '2026-04-08 12:20:53', '2026-04-08 12:20:53'),
(273, 95, 2, 72.00, 'PRESENT', '2026-04-08 12:20:53', '2026-04-08 12:20:53'),
(274, 104, 2, 81.00, 'PRESENT', '2026-04-08 12:20:53', '2026-04-08 12:20:53'),
(275, 113, 2, 54.00, 'PRESENT', '2026-04-08 12:20:53', '2026-04-08 12:20:53'),
(276, 122, 2, 63.00, 'PRESENT', '2026-04-08 12:20:53', '2026-04-08 12:20:53'),
(277, 131, 2, 72.00, 'PRESENT', '2026-04-08 12:20:53', '2026-04-08 12:20:53'),
(278, 140, 2, 81.00, 'PRESENT', '2026-04-08 12:20:53', '2026-04-08 12:20:53'),
(279, 149, 2, 54.00, 'PRESENT', '2026-04-08 12:20:53', '2026-04-08 12:20:53'),
(280, 158, 2, 63.00, 'PRESENT', '2026-04-08 12:20:53', '2026-04-08 12:20:53'),
(281, 41, 3, 53.00, 'PRESENT', '2026-04-08 12:20:53', '2026-04-08 12:20:53'),
(282, 50, 3, 82.00, 'PRESENT', '2026-04-08 12:20:53', '2026-04-08 12:20:53'),
(283, 59, 3, 77.00, 'PRESENT', '2026-04-08 12:20:53', '2026-04-08 12:20:53'),
(284, 68, 3, 72.00, 'PRESENT', '2026-04-08 12:20:53', '2026-04-08 12:20:53'),
(285, 77, 3, 67.00, 'PRESENT', '2026-04-08 12:20:53', '2026-04-08 12:20:53'),
(286, 86, 3, 62.00, 'PRESENT', '2026-04-08 12:20:53', '2026-04-08 12:20:53'),
(287, 95, 3, 57.00, 'PRESENT', '2026-04-08 12:20:53', '2026-04-08 12:20:53'),
(288, 104, 3, 52.00, 'PRESENT', '2026-04-08 12:20:53', '2026-04-08 12:20:53'),
(289, 113, 3, 81.00, 'PRESENT', '2026-04-08 12:20:53', '2026-04-08 12:20:53'),
(290, 122, 3, 76.00, 'PRESENT', '2026-04-08 12:20:53', '2026-04-08 12:20:53'),
(291, 131, 3, 71.00, 'PRESENT', '2026-04-08 12:20:53', '2026-04-08 12:20:53'),
(292, 140, 3, 66.00, 'PRESENT', '2026-04-08 12:20:53', '2026-04-08 12:20:53'),
(293, 149, 3, 61.00, 'PRESENT', '2026-04-08 12:20:53', '2026-04-08 12:20:53'),
(294, 158, 3, 56.00, 'PRESENT', '2026-04-08 12:20:53', '2026-04-08 12:20:53'),
(295, 167, 1, 70.00, 'PRESENT', '2026-04-08 12:20:53', '2026-04-08 12:20:53'),
(296, 176, 1, 66.00, 'PRESENT', '2026-04-08 12:20:53', '2026-04-08 12:20:53'),
(297, 6, 1, 85.00, 'PRESENT', '2026-04-08 12:20:53', '2026-04-08 12:20:53'),
(298, 15, 1, 81.00, 'PRESENT', '2026-04-08 12:20:53', '2026-04-08 12:20:53'),
(299, 24, 1, 77.00, 'PRESENT', '2026-04-08 12:20:53', '2026-04-08 12:20:53'),
(300, 33, 1, 73.00, 'PRESENT', '2026-04-08 12:20:53', '2026-04-08 12:20:53'),
(301, 42, 1, 69.00, 'PRESENT', '2026-04-08 12:20:53', '2026-04-08 12:20:53'),
(302, 51, 1, 65.00, 'PRESENT', '2026-04-08 12:20:53', '2026-04-08 12:20:53'),
(303, 60, 1, 61.00, 'PRESENT', '2026-04-08 12:20:53', '2026-04-08 12:20:53'),
(304, 69, 1, 57.00, 'PRESENT', '2026-04-08 12:20:53', '2026-04-08 12:20:53'),
(305, 78, 1, 84.00, 'PRESENT', '2026-04-08 12:20:53', '2026-04-08 12:20:53'),
(306, 87, 1, 80.00, 'PRESENT', '2026-04-08 12:20:53', '2026-04-08 12:20:53'),
(307, 96, 1, 76.00, 'PRESENT', '2026-04-08 12:20:53', '2026-04-08 12:20:53'),
(308, 105, 1, 72.00, 'PRESENT', '2026-04-08 12:20:53', '2026-04-08 12:20:53'),
(309, 167, 2, 72.00, 'PRESENT', '2026-04-08 12:20:53', '2026-04-08 12:20:53'),
(310, 176, 2, 81.00, 'PRESENT', '2026-04-08 12:20:53', '2026-04-08 12:20:53'),
(311, 6, 2, 62.00, 'PRESENT', '2026-04-08 12:20:53', '2026-04-08 12:20:53'),
(312, 15, 2, 71.00, 'PRESENT', '2026-04-08 12:20:53', '2026-04-08 12:20:53'),
(313, 24, 2, 80.00, 'PRESENT', '2026-04-08 12:20:53', '2026-04-08 12:20:53'),
(314, 33, 2, 53.00, 'PRESENT', '2026-04-08 12:20:53', '2026-04-08 12:20:53'),
(315, 42, 2, 62.00, 'PRESENT', '2026-04-08 12:20:53', '2026-04-08 12:20:53'),
(316, 51, 2, 71.00, 'PRESENT', '2026-04-08 12:20:53', '2026-04-08 12:20:53'),
(317, 60, 2, 80.00, 'PRESENT', '2026-04-08 12:20:53', '2026-04-08 12:20:53'),
(318, 69, 2, 53.00, 'PRESENT', '2026-04-08 12:20:53', '2026-04-08 12:20:53'),
(319, 78, 2, 62.00, 'PRESENT', '2026-04-08 12:20:53', '2026-04-08 12:20:53'),
(320, 87, 2, 71.00, 'PRESENT', '2026-04-08 12:20:53', '2026-04-08 12:20:53'),
(321, 96, 2, 80.00, 'PRESENT', '2026-04-08 12:20:53', '2026-04-08 12:20:53'),
(322, 105, 2, 53.00, 'PRESENT', '2026-04-08 12:20:53', '2026-04-08 12:20:53'),
(323, 167, 3, 85.00, 'PRESENT', '2026-04-08 12:20:53', '2026-04-08 12:20:53'),
(324, 176, 3, 80.00, 'PRESENT', '2026-04-08 12:20:53', '2026-04-08 12:20:53'),
(325, 6, 3, 84.00, 'PRESENT', '2026-04-08 12:20:53', '2026-04-08 12:20:53'),
(326, 15, 3, 79.00, 'PRESENT', '2026-04-08 12:20:53', '2026-04-08 12:20:53'),
(327, 24, 3, 74.00, 'PRESENT', '2026-04-08 12:20:53', '2026-04-08 12:20:53'),
(328, 33, 3, 69.00, 'PRESENT', '2026-04-08 12:20:53', '2026-04-08 12:20:53'),
(329, 42, 3, 64.00, 'PRESENT', '2026-04-08 12:20:53', '2026-04-08 12:20:53'),
(330, 51, 3, 59.00, 'PRESENT', '2026-04-08 12:20:53', '2026-04-08 12:20:53'),
(331, 60, 3, 54.00, 'PRESENT', '2026-04-08 12:20:53', '2026-04-08 12:20:53'),
(332, 69, 3, 83.00, 'PRESENT', '2026-04-08 12:20:53', '2026-04-08 12:20:53'),
(333, 78, 3, 78.00, 'PRESENT', '2026-04-08 12:20:53', '2026-04-08 12:20:53'),
(334, 87, 3, 73.00, 'PRESENT', '2026-04-08 12:20:53', '2026-04-08 12:20:53'),
(335, 96, 3, 68.00, 'PRESENT', '2026-04-08 12:20:53', '2026-04-08 12:20:53'),
(336, 105, 3, 63.00, 'PRESENT', '2026-04-08 12:20:53', '2026-04-08 12:20:53'),
(337, 114, 1, 68.00, 'PRESENT', '2026-04-08 12:20:53', '2026-04-08 12:20:53'),
(338, 123, 1, 64.00, 'PRESENT', '2026-04-08 12:20:53', '2026-04-08 12:20:53'),
(339, 132, 1, 60.00, 'PRESENT', '2026-04-08 12:20:53', '2026-04-08 12:20:53'),
(340, 141, 1, 56.00, 'PRESENT', '2026-04-08 12:20:53', '2026-04-08 12:20:53'),
(341, 150, 1, 83.00, 'PRESENT', '2026-04-08 12:20:53', '2026-04-08 12:20:53'),
(342, 159, 1, 79.00, 'PRESENT', '2026-04-08 12:20:53', '2026-04-08 12:20:53'),
(343, 168, 1, 75.00, 'PRESENT', '2026-04-08 12:20:53', '2026-04-08 12:20:53'),
(344, 177, 1, 71.00, 'PRESENT', '2026-04-08 12:20:53', '2026-04-08 12:20:53'),
(345, 7, 1, 59.00, 'PRESENT', '2026-04-08 12:20:53', '2026-04-08 12:20:53'),
(346, 16, 1, 55.00, 'PRESENT', '2026-04-08 12:20:53', '2026-04-08 12:20:53'),
(347, 25, 1, 82.00, 'PRESENT', '2026-04-08 12:20:53', '2026-04-08 12:20:53'),
(348, 34, 1, 78.00, 'PRESENT', '2026-04-08 12:20:53', '2026-04-08 12:20:53'),
(349, 43, 1, 74.00, 'PRESENT', '2026-04-08 12:20:53', '2026-04-08 12:20:53'),
(350, 52, 1, 70.00, 'PRESENT', '2026-04-08 12:20:53', '2026-04-08 12:20:53'),
(351, 114, 2, 62.00, 'PRESENT', '2026-04-08 12:20:53', '2026-04-08 12:20:53'),
(352, 123, 2, 71.00, 'PRESENT', '2026-04-08 12:20:53', '2026-04-08 12:20:53'),
(353, 132, 2, 80.00, 'PRESENT', '2026-04-08 12:20:53', '2026-04-08 12:20:53'),
(354, 141, 2, 53.00, 'PRESENT', '2026-04-08 12:20:53', '2026-04-08 12:20:53'),
(355, 150, 2, 62.00, 'PRESENT', '2026-04-08 12:20:53', '2026-04-08 12:20:53'),
(356, 159, 2, 71.00, 'PRESENT', '2026-04-08 12:20:53', '2026-04-08 12:20:53'),
(357, 168, 2, 80.00, 'PRESENT', '2026-04-08 12:20:53', '2026-04-08 12:20:53'),
(358, 177, 2, 53.00, 'PRESENT', '2026-04-08 12:20:53', '2026-04-08 12:20:53'),
(359, 7, 2, 70.00, 'PRESENT', '2026-04-08 12:20:53', '2026-04-08 12:20:53'),
(360, 16, 2, 79.00, 'PRESENT', '2026-04-08 12:20:53', '2026-04-08 12:20:53'),
(361, 25, 2, 52.00, 'PRESENT', '2026-04-08 12:20:53', '2026-04-08 12:20:53'),
(362, 34, 2, 61.00, 'PRESENT', '2026-04-08 12:20:53', '2026-04-08 12:20:53'),
(363, 43, 2, 70.00, 'PRESENT', '2026-04-08 12:20:53', '2026-04-08 12:20:53'),
(364, 52, 2, 79.00, 'PRESENT', '2026-04-08 12:20:53', '2026-04-08 12:20:53'),
(365, 114, 3, 58.00, 'PRESENT', '2026-04-08 12:20:53', '2026-04-08 12:20:53'),
(366, 123, 3, 53.00, 'PRESENT', '2026-04-08 12:20:53', '2026-04-08 12:20:53'),
(367, 132, 3, 82.00, 'PRESENT', '2026-04-08 12:20:53', '2026-04-08 12:20:53'),
(368, 141, 3, 77.00, 'PRESENT', '2026-04-08 12:20:53', '2026-04-08 12:20:53'),
(369, 150, 3, 72.00, 'PRESENT', '2026-04-08 12:20:53', '2026-04-08 12:20:53'),
(370, 159, 3, 67.00, 'PRESENT', '2026-04-08 12:20:53', '2026-04-08 12:20:53'),
(371, 168, 3, 62.00, 'PRESENT', '2026-04-08 12:20:53', '2026-04-08 12:20:53'),
(372, 177, 3, 57.00, 'PRESENT', '2026-04-08 12:20:53', '2026-04-08 12:20:53'),
(373, 7, 3, 61.00, 'PRESENT', '2026-04-08 12:20:53', '2026-04-08 12:20:53'),
(374, 16, 3, 56.00, 'PRESENT', '2026-04-08 12:20:53', '2026-04-08 12:20:53'),
(375, 25, 3, 85.00, 'PRESENT', '2026-04-08 12:20:53', '2026-04-08 12:20:53'),
(376, 34, 3, 80.00, 'PRESENT', '2026-04-08 12:20:53', '2026-04-08 12:20:53'),
(377, 43, 3, 75.00, 'PRESENT', '2026-04-08 12:20:53', '2026-04-08 12:20:53'),
(378, 52, 3, 70.00, 'PRESENT', '2026-04-08 12:20:53', '2026-04-08 12:20:53'),
(379, 61, 1, 66.00, 'PRESENT', '2026-04-08 12:20:53', '2026-04-08 12:20:53'),
(380, 70, 1, 62.00, 'PRESENT', '2026-04-08 12:20:53', '2026-04-08 12:20:53'),
(381, 79, 1, 58.00, 'PRESENT', '2026-04-08 12:20:53', '2026-04-08 12:20:53'),
(382, 88, 1, 85.00, 'PRESENT', '2026-04-08 12:20:53', '2026-04-08 12:20:53'),
(383, 97, 1, 81.00, 'PRESENT', '2026-04-08 12:20:53', '2026-04-08 12:20:53'),
(384, 106, 1, 77.00, 'PRESENT', '2026-04-08 12:20:53', '2026-04-08 12:20:53'),
(385, 115, 1, 73.00, 'PRESENT', '2026-04-08 12:20:53', '2026-04-08 12:20:53'),
(386, 124, 1, 69.00, 'PRESENT', '2026-04-08 12:20:53', '2026-04-08 12:20:53'),
(387, 133, 1, 65.00, 'PRESENT', '2026-04-08 12:20:53', '2026-04-08 12:20:53'),
(388, 142, 1, 61.00, 'PRESENT', '2026-04-08 12:20:53', '2026-04-08 12:20:53'),
(389, 151, 1, 57.00, 'PRESENT', '2026-04-08 12:20:53', '2026-04-08 12:20:53'),
(390, 160, 1, 84.00, 'PRESENT', '2026-04-08 12:20:53', '2026-04-08 12:20:53'),
(391, 169, 1, 80.00, 'PRESENT', '2026-04-08 12:20:53', '2026-04-08 12:20:53'),
(392, 178, 1, 76.00, 'PRESENT', '2026-04-08 12:20:53', '2026-04-08 12:20:53'),
(393, 61, 2, 52.00, 'PRESENT', '2026-04-08 12:20:53', '2026-04-08 12:20:53'),
(394, 70, 2, 61.00, 'PRESENT', '2026-04-08 12:20:53', '2026-04-08 12:20:53'),
(395, 79, 2, 70.00, 'PRESENT', '2026-04-08 12:20:53', '2026-04-08 12:20:53'),
(396, 88, 2, 79.00, 'PRESENT', '2026-04-08 12:20:53', '2026-04-08 12:20:53'),
(397, 97, 2, 52.00, 'PRESENT', '2026-04-08 12:20:53', '2026-04-08 12:20:53'),
(398, 106, 2, 61.00, 'PRESENT', '2026-04-08 12:20:53', '2026-04-08 12:20:53'),
(399, 115, 2, 70.00, 'PRESENT', '2026-04-08 12:20:53', '2026-04-08 12:20:53'),
(400, 124, 2, 79.00, 'PRESENT', '2026-04-08 12:20:53', '2026-04-08 12:20:53'),
(401, 133, 2, 52.00, 'PRESENT', '2026-04-08 12:20:53', '2026-04-08 12:20:53'),
(402, 142, 2, 61.00, 'PRESENT', '2026-04-08 12:20:53', '2026-04-08 12:20:53'),
(403, 151, 2, 70.00, 'PRESENT', '2026-04-08 12:20:53', '2026-04-08 12:20:53'),
(404, 160, 2, 79.00, 'PRESENT', '2026-04-08 12:20:53', '2026-04-08 12:20:53'),
(405, 169, 2, 52.00, 'PRESENT', '2026-04-08 12:20:53', '2026-04-08 12:20:53'),
(406, 178, 2, 61.00, 'PRESENT', '2026-04-08 12:20:53', '2026-04-08 12:20:53'),
(407, 61, 3, 65.00, 'PRESENT', '2026-04-08 12:20:53', '2026-04-08 12:20:53'),
(408, 70, 3, 60.00, 'PRESENT', '2026-04-08 12:20:53', '2026-04-08 12:20:53'),
(409, 79, 3, 55.00, 'PRESENT', '2026-04-08 12:20:53', '2026-04-08 12:20:53'),
(410, 88, 3, 84.00, 'PRESENT', '2026-04-08 12:20:53', '2026-04-08 12:20:53'),
(411, 97, 3, 79.00, 'PRESENT', '2026-04-08 12:20:53', '2026-04-08 12:20:53'),
(412, 106, 3, 74.00, 'PRESENT', '2026-04-08 12:20:53', '2026-04-08 12:20:53'),
(413, 115, 3, 69.00, 'PRESENT', '2026-04-08 12:20:53', '2026-04-08 12:20:53'),
(414, 124, 3, 64.00, 'PRESENT', '2026-04-08 12:20:53', '2026-04-08 12:20:53'),
(415, 133, 3, 59.00, 'PRESENT', '2026-04-08 12:20:53', '2026-04-08 12:20:53'),
(416, 142, 3, 54.00, 'PRESENT', '2026-04-08 12:20:53', '2026-04-08 12:20:53'),
(417, 151, 3, 83.00, 'PRESENT', '2026-04-08 12:20:53', '2026-04-08 12:20:53'),
(418, 160, 3, 78.00, 'PRESENT', '2026-04-08 12:20:53', '2026-04-08 12:20:53'),
(419, 169, 3, 73.00, 'PRESENT', '2026-04-08 12:20:53', '2026-04-08 12:20:53'),
(420, 178, 3, 68.00, 'PRESENT', '2026-04-08 12:20:53', '2026-04-08 12:20:53'),
(421, 8, 1, 64.00, 'PRESENT', '2026-04-08 12:20:53', '2026-04-08 12:20:53'),
(422, 17, 1, 60.00, 'PRESENT', '2026-04-08 12:20:53', '2026-04-08 12:20:53'),
(423, 26, 1, 56.00, 'PRESENT', '2026-04-08 12:20:53', '2026-04-08 12:20:53'),
(424, 35, 1, 83.00, 'PRESENT', '2026-04-08 12:20:53', '2026-04-08 12:20:53'),
(425, 44, 1, 79.00, 'PRESENT', '2026-04-08 12:20:53', '2026-04-08 12:20:53'),
(426, 53, 1, 75.00, 'PRESENT', '2026-04-08 12:20:53', '2026-04-08 12:20:53'),
(427, 62, 1, 71.00, 'PRESENT', '2026-04-08 12:20:53', '2026-04-08 12:20:53'),
(428, 71, 1, 67.00, 'PRESENT', '2026-04-08 12:20:53', '2026-04-08 12:20:53'),
(429, 80, 1, 63.00, 'PRESENT', '2026-04-08 12:20:53', '2026-04-08 12:20:53'),
(430, 89, 1, 59.00, 'PRESENT', '2026-04-08 12:20:53', '2026-04-08 12:20:53'),
(431, 98, 1, 55.00, 'PRESENT', '2026-04-08 12:20:53', '2026-04-08 12:20:53'),
(432, 107, 1, 82.00, 'PRESENT', '2026-04-08 12:20:53', '2026-04-08 12:20:53'),
(433, 116, 1, 78.00, 'PRESENT', '2026-04-08 12:20:53', '2026-04-08 12:20:53'),
(434, 125, 1, 74.00, 'PRESENT', '2026-04-08 12:20:53', '2026-04-08 12:20:53'),
(435, 8, 2, 78.00, 'PRESENT', '2026-04-08 12:20:53', '2026-04-08 12:20:53'),
(436, 17, 2, 51.00, 'PRESENT', '2026-04-08 12:20:53', '2026-04-08 12:20:53'),
(437, 26, 2, 60.00, 'PRESENT', '2026-04-08 12:20:53', '2026-04-08 12:20:53'),
(438, 35, 2, 69.00, 'PRESENT', '2026-04-08 12:20:53', '2026-04-08 12:20:53'),
(439, 44, 2, 78.00, 'PRESENT', '2026-04-08 12:20:53', '2026-04-08 12:20:53'),
(440, 53, 2, 51.00, 'PRESENT', '2026-04-08 12:20:53', '2026-04-08 12:20:53'),
(441, 62, 2, 60.00, 'PRESENT', '2026-04-08 12:20:53', '2026-04-08 12:20:53'),
(442, 71, 2, 69.00, 'PRESENT', '2026-04-08 12:20:53', '2026-04-08 12:20:53'),
(443, 80, 2, 78.00, 'PRESENT', '2026-04-08 12:20:53', '2026-04-08 12:20:53'),
(444, 89, 2, 51.00, 'PRESENT', '2026-04-08 12:20:53', '2026-04-08 12:20:53'),
(445, 98, 2, 60.00, 'PRESENT', '2026-04-08 12:20:53', '2026-04-08 12:20:53'),
(446, 107, 2, 69.00, 'PRESENT', '2026-04-08 12:20:53', '2026-04-08 12:20:53'),
(447, 116, 2, 78.00, 'PRESENT', '2026-04-08 12:20:53', '2026-04-08 12:20:53'),
(448, 125, 2, 51.00, 'PRESENT', '2026-04-08 12:20:53', '2026-04-08 12:20:53'),
(449, 8, 3, 72.00, 'PRESENT', '2026-04-08 12:20:53', '2026-04-08 12:20:53'),
(450, 17, 3, 67.00, 'PRESENT', '2026-04-08 12:20:53', '2026-04-08 12:20:53'),
(451, 26, 3, 62.00, 'PRESENT', '2026-04-08 12:20:53', '2026-04-08 12:20:53'),
(452, 35, 3, 57.00, 'PRESENT', '2026-04-08 12:20:53', '2026-04-08 12:20:53'),
(453, 44, 3, 52.00, 'PRESENT', '2026-04-08 12:20:53', '2026-04-08 12:20:53'),
(454, 53, 3, 81.00, 'PRESENT', '2026-04-08 12:20:53', '2026-04-08 12:20:53'),
(455, 62, 3, 76.00, 'PRESENT', '2026-04-08 12:20:53', '2026-04-08 12:20:53'),
(456, 71, 3, 71.00, 'PRESENT', '2026-04-08 12:20:53', '2026-04-08 12:20:53'),
(457, 80, 3, 66.00, 'PRESENT', '2026-04-08 12:20:53', '2026-04-08 12:20:53'),
(458, 89, 3, 61.00, 'PRESENT', '2026-04-08 12:20:53', '2026-04-08 12:20:53'),
(459, 98, 3, 56.00, 'PRESENT', '2026-04-08 12:20:53', '2026-04-08 12:20:53'),
(460, 107, 3, 85.00, 'PRESENT', '2026-04-08 12:20:53', '2026-04-08 12:20:53'),
(461, 116, 3, 80.00, 'PRESENT', '2026-04-08 12:20:53', '2026-04-08 12:20:53'),
(462, 125, 3, 75.00, 'PRESENT', '2026-04-08 12:20:53', '2026-04-08 12:20:53'),
(463, 134, 1, 70.00, 'PRESENT', '2026-04-08 12:20:53', '2026-04-08 12:20:53'),
(464, 143, 1, 66.00, 'PRESENT', '2026-04-08 12:20:53', '2026-04-08 12:20:53'),
(465, 152, 1, 62.00, 'PRESENT', '2026-04-08 12:20:53', '2026-04-08 12:20:53'),
(466, 161, 1, 58.00, 'PRESENT', '2026-04-08 12:20:53', '2026-04-08 12:20:53'),
(467, 170, 1, 85.00, 'PRESENT', '2026-04-08 12:20:53', '2026-04-08 12:20:53'),
(468, 179, 1, 81.00, 'PRESENT', '2026-04-08 12:20:53', '2026-04-08 12:20:53'),
(477, 134, 2, 60.00, 'PRESENT', '2026-04-08 12:20:53', '2026-04-08 12:20:53'),
(478, 143, 2, 69.00, 'PRESENT', '2026-04-08 12:20:53', '2026-04-08 12:20:53'),
(479, 152, 2, 78.00, 'PRESENT', '2026-04-08 12:20:53', '2026-04-08 12:20:53'),
(480, 161, 2, 51.00, 'PRESENT', '2026-04-08 12:20:53', '2026-04-08 12:20:53'),
(481, 170, 2, 60.00, 'PRESENT', '2026-04-08 12:20:53', '2026-04-08 12:20:53'),
(482, 179, 2, 69.00, 'PRESENT', '2026-04-08 12:20:53', '2026-04-08 12:20:53'),
(491, 134, 3, 70.00, 'PRESENT', '2026-04-08 12:20:53', '2026-04-08 12:20:53'),
(492, 143, 3, 65.00, 'PRESENT', '2026-04-08 12:20:53', '2026-04-08 12:20:53'),
(493, 152, 3, 60.00, 'PRESENT', '2026-04-08 12:20:53', '2026-04-08 12:20:53'),
(494, 161, 3, 55.00, 'PRESENT', '2026-04-08 12:20:53', '2026-04-08 12:20:53'),
(495, 170, 3, 84.00, 'PRESENT', '2026-04-08 12:20:53', '2026-04-08 12:20:53'),
(496, 179, 3, 79.00, 'PRESENT', '2026-04-08 12:20:53', '2026-04-08 12:20:53'),
(1064, 154, 4, 50.00, 'PRESENT', '2026-04-08 16:30:32', '2026-04-08 16:30:32'),
(1066, 163, 4, 80.00, 'PRESENT', '2026-04-08 16:30:59', '2026-04-08 16:31:27');

-- --------------------------------------------------------

--
-- Table structure for table `sessions`
--

CREATE TABLE `sessions` (
  `id` int(11) NOT NULL,
  `timetable_session_id` int(11) NOT NULL,
  `session_no` tinyint(4) NOT NULL,
  `session_date` date NOT NULL,
  `actual_start_time` time DEFAULT NULL,
  `actual_end_time` time DEFAULT NULL,
  `status` enum('COMPLETED','CANCELLED','POSTPONED') NOT NULL DEFAULT 'COMPLETED',
  `remarks` varchar(255) DEFAULT NULL,
  `created_at` timestamp NOT NULL DEFAULT current_timestamp(),
  `updated_at` timestamp NOT NULL DEFAULT current_timestamp() ON UPDATE current_timestamp()
) ;

--
-- Dumping data for table `sessions`
--

INSERT INTO `sessions` (`id`, `timetable_session_id`, `session_no`, `session_date`, `actual_start_time`, `actual_end_time`, `status`, `remarks`, `created_at`, `updated_at`) VALUES
(1, 1, 1, '2026-01-05', '08:00:00', '10:00:00', 'COMPLETED', NULL, '2026-04-08 14:45:13', '2026-04-08 14:45:13'),
(2, 1, 2, '2026-01-12', '08:00:00', '10:00:00', 'COMPLETED', NULL, '2026-04-08 14:45:13', '2026-04-08 14:45:13'),
(3, 1, 3, '2026-01-19', '08:00:00', '10:00:00', 'COMPLETED', NULL, '2026-04-08 14:45:13', '2026-04-08 14:45:13'),
(4, 2, 1, '2026-01-06', '09:00:00', '11:00:00', 'COMPLETED', NULL, '2026-04-08 14:45:13', '2026-04-08 14:45:13'),
(5, 2, 2, '2026-01-13', '09:00:00', '11:00:00', 'COMPLETED', NULL, '2026-04-08 14:45:13', '2026-04-08 14:45:13'),
(6, 3, 1, '2026-01-08', '14:00:00', '16:00:00', 'COMPLETED', NULL, '2026-04-08 14:45:13', '2026-04-08 14:45:13'),
(7, 3, 2, '2026-01-15', '14:00:00', '16:00:00', 'COMPLETED', NULL, '2026-04-08 14:45:13', '2026-04-08 14:45:13'),
(8, 5, 1, '2026-01-05', '10:00:00', '12:00:00', 'COMPLETED', NULL, '2026-04-08 14:45:13', '2026-04-08 14:45:13'),
(9, 5, 2, '2026-01-12', '10:00:00', '12:00:00', 'COMPLETED', NULL, '2026-04-08 14:45:13', '2026-04-08 14:45:13'),
(10, 6, 1, '2026-01-07', '10:00:00', '12:00:00', 'COMPLETED', NULL, '2026-04-08 14:45:13', '2026-04-08 14:45:13'),
(11, 6, 2, '2026-01-14', '10:00:00', '12:00:00', 'COMPLETED', NULL, '2026-04-08 14:45:13', '2026-04-08 14:45:13'),
(12, 8, 1, '2026-01-09', '11:00:00', '13:00:00', 'COMPLETED', NULL, '2026-04-08 14:45:13', '2026-04-08 14:45:13'),
(13, 9, 1, '2026-01-09', '08:00:00', '10:00:00', 'COMPLETED', NULL, '2026-04-08 14:45:13', '2026-04-08 14:45:13'),
(14, 5, 3, '2026-01-19', '10:00:00', '12:00:00', 'COMPLETED', NULL, '2026-04-10 09:46:05', '2026-04-10 09:46:05'),
(15, 3, 3, '2026-04-12', '14:00:00', '16:00:00', 'COMPLETED', NULL, '2026-04-10 09:49:32', '2026-04-10 09:49:32');

-- --------------------------------------------------------

--
-- Table structure for table `staff`
--

CREATE TABLE `staff` (
  `user_id` int(11) NOT NULL,
  `staff_code` varchar(20) NOT NULL,
  `designation` varchar(50) DEFAULT NULL
) ENGINE=InnoDB DEFAULT CHARSET=utf8mb4 COLLATE=utf8mb4_general_ci;

--
-- Dumping data for table `staff`
--

INSERT INTO `staff` (`user_id`, `staff_code`, `designation`) VALUES
(1, 'ADM-0001', 'System Administrator'),
(2, 'LEC-0002', 'Lecturer'),
(3, 'LEC-0003', 'Lecturer'),
(4, 'LEC-0004', 'Lecturer'),
(5, 'LEC-0005', 'Lecturer'),
(6, 'LEC-0006', 'Lecturer'),
(7, 'TO-0007', 'Technical Officer'),
(8, 'TO-0008', 'Technical Officer'),
(9, 'TO-0009', 'Technical Officer'),
(10, 'TO-0010', 'Technical Officer'),
(31, 'DEAN-0031', 'Dean');

-- --------------------------------------------------------

--
-- Table structure for table `student`
--

CREATE TABLE `student` (
  `user_id` int(11) NOT NULL,
  `registration_no` varchar(20) NOT NULL,
  `registration_year` year(4) NOT NULL,
  `student_type` enum('PROPER','REPEAT','BATCH_MISSED') NOT NULL
) ENGINE=InnoDB DEFAULT CHARSET=utf8mb4 COLLATE=utf8mb4_general_ci;

--
-- Dumping data for table `student`
--

INSERT INTO `student` (`user_id`, `registration_no`, `registration_year`, `student_type`) VALUES
(11, 'TG/2022/001', '2022', 'PROPER'),
(12, 'TG/2022/002', '2022', 'PROPER'),
(13, 'TG/2022/003', '2022', 'PROPER'),
(14, 'TG/2022/004', '2022', 'PROPER'),
(15, 'TG/2022/005', '2022', 'PROPER'),
(16, 'TG/2022/006', '2022', 'PROPER'),
(17, 'TG/2022/007', '2022', 'PROPER'),
(18, 'TG/2022/008', '2022', 'PROPER'),
(19, 'TG/2022/009', '2022', 'PROPER'),
(20, 'TG/2022/010', '2022', 'PROPER'),
(21, 'TG/2022/011', '2022', 'PROPER'),
(22, 'TG/2022/012', '2022', 'PROPER'),
(23, 'TG/2021/080', '2021', 'REPEAT'),
(24, 'TG/2021/081', '2021', 'REPEAT'),
(25, 'TG/2021/082', '2021', 'REPEAT'),
(26, 'TG/2021/083', '2021', 'REPEAT'),
(27, 'TG/2021/084', '2021', 'REPEAT'),
(28, 'TG/2020/101', '2020', 'BATCH_MISSED'),
(29, 'TG/2020/102', '2020', 'BATCH_MISSED'),
(30, 'TG/2020/103', '2020', 'BATCH_MISSED'),
(32, 'TG/2023/1742', '2023', 'PROPER');

-- --------------------------------------------------------

--
-- Table structure for table `student_course_registrations`
--

CREATE TABLE `student_course_registrations` (
  `id` int(11) NOT NULL AUTO_INCREMENT,
  `student_user_id` int(11) NOT NULL,
  `course_id` int(11) NOT NULL,
  `semester_year` year(4) NOT NULL,
  `attempt_no` tinyint(4) NOT NULL DEFAULT 1,
  `registration_status` enum('REGISTERED','DROPPED') NOT NULL DEFAULT 'REGISTERED',
  `created_at` timestamp NOT NULL DEFAULT current_timestamp(),
  `updated_at` timestamp NOT NULL DEFAULT current_timestamp() ON UPDATE current_timestamp(),
  PRIMARY KEY (`id`)
) ENGINE=InnoDB DEFAULT CHARSET=utf8mb4 COLLATE=utf8mb4_general_ci;

--
-- Table structure for table `timetable_sessions`
--

CREATE TABLE `timetable_sessions` (
  `id` int(11) NOT NULL,
  `course_id` int(11) NOT NULL,
  `session_type` enum('THEORY','PRACTICAL') NOT NULL,
  `session_day` enum('MONDAY','TUESDAY','WEDNESDAY','THURSDAY','FRIDAY') NOT NULL,
  `start_time` time NOT NULL,
  `end_time` time NOT NULL,
  `venue` varchar(100) NOT NULL,
  `lecturer_id` int(11) DEFAULT NULL,
  `created_at` timestamp NOT NULL DEFAULT current_timestamp()
) ENGINE=InnoDB DEFAULT CHARSET=utf8mb4 COLLATE=utf8mb4_general_ci;

--
-- Dumping data for table `timetable_sessions`
--

INSERT INTO `timetable_sessions` (`id`, `course_id`, `session_type`, `session_day`, `start_time`, `end_time`, `venue`, `lecturer_id`, `created_at`) VALUES
(1, 1, 'THEORY', 'MONDAY', '08:00:00', '10:00:00', 'ICT Lab 11', 3, '2026-04-08 14:44:49'),
(2, 2, 'THEORY', 'TUESDAY', '09:00:00', '11:00:00', 'ICT Lab 12', 4, '2026-04-08 14:44:49'),
(3, 3, 'PRACTICAL', 'THURSDAY', '14:00:00', '16:00:00', 'ICT Lab 12', 5, '2026-04-08 14:44:49'),
(4, 4, 'THEORY', 'THURSDAY', '09:00:00', '11:00:00', 'ICT Lab 12', 5, '2026-04-08 14:44:49'),
(5, 5, 'THEORY', 'MONDAY', '10:00:00', '12:00:00', 'ICT Lab 13', 6, '2026-04-08 14:44:49'),
(6, 5, 'PRACTICAL', 'WEDNESDAY', '10:00:00', '12:00:00', 'ICT Lab 13', 6, '2026-04-08 14:44:49'),
(7, 6, 'THEORY', 'WEDNESDAY', '08:00:00', '10:00:00', 'Lecture Hall 01', 5, '2026-04-08 14:44:49'),
(8, 7, 'THEORY', 'FRIDAY', '11:00:00', '13:00:00', 'ICT Workshop Lab', 3, '2026-04-08 14:44:49'),
(9, 8, 'THEORY', 'FRIDAY', '08:00:00', '10:00:00', 'Lecture Hall 02', 4, '2026-04-08 14:44:49');

-- --------------------------------------------------------

--
-- Table structure for table `users`
--

CREATE TABLE `users` (
  `id` int(11) NOT NULL,
  `first_name` varchar(50) NOT NULL,
  `last_name` varchar(50) NOT NULL,
  `email` varchar(100) NOT NULL,
  `password_hash` varchar(255) NOT NULL,
  `phone` varchar(15) NOT NULL,
  `address` varchar(150) DEFAULT NULL,
  `profile_picture_path` varchar(500) DEFAULT NULL,
  `dob` date NOT NULL,
  `role` enum('ADMIN','DEAN','LECTURER','TO','STUDENT') NOT NULL,
  `status` enum('ACTIVE','BLOCKED','SUSPENDED') DEFAULT 'ACTIVE',
  `department_id` int(11) NOT NULL,
  `created_at` timestamp NOT NULL DEFAULT current_timestamp(),
  `updated_at` timestamp NOT NULL DEFAULT current_timestamp() ON UPDATE current_timestamp()
) ENGINE=InnoDB DEFAULT CHARSET=utf8mb4 COLLATE=utf8mb4_general_ci;

--
-- Dumping data for table `users`
--

INSERT INTO `users` (`id`, `first_name`, `last_name`, `email`, `password_hash`, `phone`, `address`, `profile_picture_path`, `dob`, `role`, `status`, `department_id`, `created_at`, `updated_at`) VALUES
(1, 'Saman', 'Kumara', 'admin@tec.ruh.ac.lk', '1234', '0763418621', 'NO 23 , \nHokandara ,\nathurugiriya', '/Users/janith/Development/Java-mini-project/TEC-SIS/storage/profile-pictures/admin_admin_tec_ruh_ac_lk_1777102001316.jpg', '1999-05-10', 'ADMIN', 'ACTIVE', 2, '2026-04-08 07:56:02', '2026-04-25 08:40:18'),
(2, 'Kamal', 'Gunasekara', 'kamal@tec.ruh.ac.lk', '1234', '0713333331', 'Matara', NULL, '1980-02-15', 'LECTURER', 'ACTIVE', 2, '2026-04-08 07:56:02', '2026-04-08 07:56:02'),
(3, 'Nimal', 'Perera', 'nimal@tec.ruh.ac.lk', '1234', '0713333332', 'Galle', '/Users/janith/Development/Java-mini-project/TEC-SIS/storage/profile-pictures/lecturer_nimal_tec_ruh_ac_lk_1777112403373.jpeg', '1982-06-25', 'LECTURER', 'ACTIVE', 2, '2026-04-08 07:56:02', '2026-04-25 10:20:03'),
(4, 'Ruwan', 'Silva', 'ruwan@tec.ruh.ac.lk', '1234', '0713333333', 'Hambantota', NULL, '1978-11-05', 'LECTURER', 'ACTIVE', 2, '2026-04-08 07:56:02', '2026-04-08 07:56:02'),
(5, 'Amara', 'Siriwardena', 'amara@tec.ruh.ac.lk', '1234', '0713333334', 'Matara', NULL, '1985-03-12', 'LECTURER', 'ACTIVE', 2, '2026-04-08 07:56:02', '2026-04-08 07:56:42'),
(6, 'Kasun', 'Rajapaksha', 'kasun@tec.ruh.ac.lk', '1234', '0713333335', 'Colombo', NULL, '1988-09-30', 'LECTURER', 'ACTIVE', 2, '2026-04-08 07:56:02', '2026-04-08 07:56:42'),
(7, 'Jagath', 'Priyanta', 'jagath@tec.ruh.ac.lk', '1234', '0718888881', 'Matara', NULL, '1990-04-10', 'TO', 'ACTIVE', 2, '2026-04-08 07:56:02', '2026-04-08 07:56:02'),
(8, 'Piyal', 'Nishantha', 'piyal@tec.ruh.ac.lk', '1234', '0718888882', 'Galle', NULL, '1992-08-14', 'TO', 'ACTIVE', 2, '2026-04-08 07:56:02', '2026-04-08 07:56:02'),
(9, 'Sajith', 'Premadasa', 'sajith@tec.ruh.ac.lk', '1234', '0718888883', 'Kandy', NULL, '1989-12-01', 'TO', 'ACTIVE', 2, '2026-04-08 07:56:02', '2026-04-08 07:56:42'),
(10, 'Bandula', 'Gunawardena', 'bandula@tec.ruh.ac.lk', '1234', '0718888884', 'Hambantota', NULL, '1991-05-22', 'TO', 'ACTIVE', 2, '2026-04-08 07:56:02', '2026-04-08 07:56:42'),
(11, 'Aruni', 'Madushani', 'aruni@fot.ruh.ac.lk', '1234', '0771000001', 'Matara', NULL, '2002-01-15', 'STUDENT', 'ACTIVE', 2, '2026-04-08 07:56:02', '2026-04-08 07:56:02'),
(12, 'Bawantha', 'Deepal', 'bawantha@fot.ruh.ac.lk', '1234', '0771000002', 'Galle', NULL, '2002-02-20', 'STUDENT', 'ACTIVE', 2, '2026-04-08 07:56:02', '2026-04-08 07:56:02'),
(13, 'Chamindu', 'Dilshan', 'chamindu@fot.ruh.ac.lk', '1234', '0771000003', 'Hambantota', NULL, '2002-03-10', 'STUDENT', 'ACTIVE', 2, '2026-04-08 07:56:02', '2026-04-08 07:56:02'),
(14, 'Dhanushka', 'Lakmal', 'dhanushka@fot.ruh.ac.lk', '1234', '0771000004', 'Colombo', NULL, '2002-04-05', 'STUDENT', 'ACTIVE', 2, '2026-04-08 07:56:02', '2026-04-08 07:56:02'),
(15, 'Eranga', 'Prasad', 'eranga@fot.ruh.ac.lk', '1234', '0771000005', 'Kandy', NULL, '2002-05-12', 'STUDENT', 'ACTIVE', 2, '2026-04-08 07:56:02', '2026-04-08 07:56:02'),
(16, 'Fathima', 'Rizna', 'rizna@fot.ruh.ac.lk', '1234', '0771000006', 'Matara', NULL, '2002-06-18', 'STUDENT', 'ACTIVE', 2, '2026-04-08 07:56:02', '2026-04-08 07:56:02'),
(17, 'Gayan', 'Suranga', 'gayan@fot.ruh.ac.lk', '1234', '0771000007', 'Galle', NULL, '2002-07-25', 'STUDENT', 'ACTIVE', 2, '2026-04-08 07:56:02', '2026-04-08 07:56:02'),
(18, 'Harsha', 'De Silva', 'harsha@fot.ruh.ac.lk', '1234', '0771000008', 'Ambalangoda', '/Users/janith/Development/Java-mini-project/TEC-SIS/storage/profile-pictures/student_harsha_fot_ruh_ac_lk_1777110613799.jpeg', '2002-08-30', 'STUDENT', 'ACTIVE', 2, '2026-04-08 07:56:02', '2026-04-25 09:50:13'),
(19, 'Ishara', 'Sandamini', 'ishara@fot.ruh.ac.lk', '1234', '0771000009', 'Hakmana', NULL, '2002-09-14', 'STUDENT', 'ACTIVE', 2, '2026-04-08 07:56:02', '2026-04-08 07:56:02'),
(20, 'Janith', 'Kavinda', 'janith@fot.ruh.ac.lk', '1234', '0771000010', 'Matara', NULL, '2002-10-22', 'STUDENT', 'ACTIVE', 2, '2026-04-08 07:56:02', '2026-04-08 07:56:02'),
(21, 'Kavindi', 'Nethmini', 'kavindi@fot.ruh.ac.lk', '1234', '0771000011', 'Dickwella', NULL, '2002-11-05', 'STUDENT', 'ACTIVE', 2, '2026-04-08 07:56:02', '2026-04-08 07:56:02'),
(22, 'Lahiru', 'Sampath', 'lahiru@fot.ruh.ac.lk', '1234', '0771000012', 'Weligama', NULL, '2002-12-12', 'STUDENT', 'ACTIVE', 2, '2026-04-08 07:56:02', '2026-04-08 07:56:02'),
(23, 'Maneesha', 'Udayangani', 'maneesha@fot.ruh.ac.lk', '1234', '0771000013', 'Matara', NULL, '2001-01-30', 'STUDENT', 'ACTIVE', 2, '2026-04-08 07:56:02', '2026-04-08 07:56:02'),
(24, 'Niroshan', 'Bandara', 'niroshan@fot.ruh.ac.lk', '1234', '0771000014', 'Galle', NULL, '2001-03-15', 'STUDENT', 'ACTIVE', 2, '2026-04-08 07:56:02', '2026-04-08 07:56:02'),
(25, 'Yohan', 'Perera', 'yohan@fot.ruh.ac.lk', '1234', '0771000015', 'Matara', NULL, '2001-05-05', 'STUDENT', 'ACTIVE', 2, '2026-04-08 07:56:02', '2026-04-08 07:56:02'),
(26, 'Dilmi', 'Hansika', 'dilmi@fot.ruh.ac.lk', '1234', '0771000016', 'Akuressa', NULL, '2001-06-18', 'STUDENT', 'ACTIVE', 2, '2026-04-08 07:56:02', '2026-04-08 07:56:02'),
(27, 'Pasindu', 'Maduranga', 'pasindu@fot.ruh.ac.lk', '1234', '0771000017', 'Tangalle', NULL, '2001-02-15', 'STUDENT', 'ACTIVE', 2, '2026-04-08 07:56:02', '2026-04-25 09:51:07'),
(28, 'Sachini', 'Rashmika', 'sachini@fot.ruh.ac.lk', '1234', '0771000018', 'Matara', NULL, '2000-02-14', 'STUDENT', 'ACTIVE', 2, '2026-04-08 07:56:02', '2026-04-08 07:56:02'),
(29, 'Tharindu', 'Senanayake', 'tharindu@fot.ruh.ac.lk', '1234', '0771000019', 'Galle', NULL, '2000-04-21', 'STUDENT', 'ACTIVE', 2, '2026-04-08 07:56:02', '2026-04-08 07:56:02'),
(30, 'Upeksha', 'Jayawardena', 'upeksha@fot.ruh.ac.lk', '1234', '0771000020', 'Hambantota', NULL, '2000-08-11', 'STUDENT', 'ACTIVE', 2, '2026-04-08 07:56:02', '2026-04-08 07:56:02'),
(31, 'Nadeeka', 'Wijesinghe', 'dean@tec.ruh.ac.lk', '1234', '0717777777', 'Faculty Office', NULL, '1979-07-12', 'DEAN', 'ACTIVE', 2, '2026-04-25 07:25:07', '2026-04-25 07:25:07'),
(32, 'Isuru', 'sadeep', 'isuru@gmail.com', '1234', '0781234567', 'walasmulla', '/Users/janith/Development/Java-mini-project/TEC-SIS/storage/profile-pictures/student_isuru_gmail_com_1777112556451.jpeg', '2003-04-10', 'STUDENT', 'ACTIVE', 3, '2026-04-25 10:22:36', '2026-04-25 10:22:36');

--
-- Dumping data for table `student_course_registrations`
--

INSERT INTO `student_course_registrations` (
  `student_user_id`,
  `course_id`,
  `semester_year`,
  `attempt_no`,
  `registration_status`,
  `created_at`,
  `updated_at`
)
SELECT
  u.`id`,
  c.`id`,
  '2026',
  1,
  'REGISTERED',
  '2026-04-25 12:00:00',
  '2026-04-25 12:00:00'
FROM `users` u
CROSS JOIN `courses` c
WHERE u.`role` = 'STUDENT';

--
-- Indexes for dumped tables
--

--
-- Indexes for table `assignments`
--
ALTER TABLE `assignments`
  ADD PRIMARY KEY (`id`),
  ADD UNIQUE KEY `uq_assignments_mark_assignment_no` (`mark_id`,`assignment_no`);

--
-- Indexes for table `attendance`
--
ALTER TABLE `attendance`
  ADD PRIMARY KEY (`id`),
  ADD UNIQUE KEY `uq_attendance_student_session` (`student_reg_no`,`session_id`),
  ADD KEY `fk_attendance_session` (`session_id`),
  ADD KEY `fk_attendance_marked_by` (`marked_by`);

--
-- Indexes for table `courses`
--
ALTER TABLE `courses`
  ADD PRIMARY KEY (`id`),
  ADD UNIQUE KEY `course_code` (`course_code`),
  ADD KEY `department_id` (`department_id`),
  ADD KEY `lecturer_in_charge_id` (`lecturer_in_charge_id`);

--
-- Indexes for table `course_materials`
--
ALTER TABLE `course_materials`
  ADD PRIMARY KEY (`id`),
  ADD KEY `fk_course_materials_course` (`course_id`),
  ADD KEY `fk_course_materials_uploaded_by` (`uploaded_by`);

--
-- Indexes for table `departments`
--
ALTER TABLE `departments`
  ADD PRIMARY KEY (`id`),
  ADD UNIQUE KEY `dept_code` (`dept_code`);

--
-- Indexes for table `end_exams`
--
ALTER TABLE `end_exams`
  ADD PRIMARY KEY (`id`),
  ADD UNIQUE KEY `uq_end_exams_mark_exam_type` (`mark_id`,`exam_type`);

--
-- Indexes for table `marks`
--
ALTER TABLE `marks`
  ADD PRIMARY KEY (`id`),
  ADD UNIQUE KEY `uq_marks_student_course_year_attempt` (`student_reg_no`,`course_id`,`semester_year`,`attempt_no`),
  ADD KEY `fk_marks_course` (`course_id`);

--
-- Indexes for table `medicals`
--
ALTER TABLE `medicals`
  ADD PRIMARY KEY (`id`),
  ADD KEY `fk_medicals_student` (`student_reg_no`),
  ADD KEY `fk_medicals_approved_by` (`approved_by`);

--
-- Indexes for table `medical_sessions`
--
ALTER TABLE `medical_sessions`
  ADD PRIMARY KEY (`id`),
  ADD UNIQUE KEY `uk_medical_session` (`medical_id`,`session_id`),
  ADD KEY `fk_medical_sessions_session` (`session_id`);

--
-- Indexes for table `mid_exams`
--
ALTER TABLE `mid_exams`
  ADD PRIMARY KEY (`id`),
  ADD UNIQUE KEY `uq_mid_exams_mark_exam_type` (`mark_id`,`exam_type`);

--
-- Indexes for table `notices`
--
ALTER TABLE `notices`
  ADD PRIMARY KEY (`id`),
  ADD KEY `fk_notices_created_by` (`created_by`);

--
-- Indexes for table `quizzes`
--
ALTER TABLE `quizzes`
  ADD PRIMARY KEY (`id`),
  ADD UNIQUE KEY `uq_quizzes_mark_quiz_no` (`mark_id`,`quiz_no`);

--
-- Indexes for table `sessions`
--
ALTER TABLE `sessions`
  ADD PRIMARY KEY (`id`),
  ADD UNIQUE KEY `uq_sessions_timetable_session_no` (`timetable_session_id`,`session_no`);

--
-- Indexes for table `staff`
--
ALTER TABLE `staff`
  ADD PRIMARY KEY (`user_id`),
  ADD UNIQUE KEY `staff_code` (`staff_code`);

--
-- Indexes for table `student`
--
ALTER TABLE `student`
  ADD PRIMARY KEY (`user_id`),
  ADD UNIQUE KEY `registration_no` (`registration_no`);

--
-- Indexes for table `student_course_registrations`
--
ALTER TABLE `student_course_registrations`
  ADD UNIQUE KEY `uq_student_course_registration` (`student_user_id`,`course_id`,`semester_year`,`attempt_no`),
  ADD KEY `fk_student_course_registrations_course` (`course_id`);

--
-- Indexes for table `timetable_sessions`
--
ALTER TABLE `timetable_sessions`
  ADD PRIMARY KEY (`id`),
  ADD KEY `fk_timetable_sessions_course` (`course_id`),
  ADD KEY `fk_timetable_sessions_lecturer` (`lecturer_id`);

--
-- Indexes for table `users`
--
ALTER TABLE `users`
  ADD PRIMARY KEY (`id`),
  ADD UNIQUE KEY `email` (`email`),
  ADD UNIQUE KEY `phone` (`phone`),
  ADD KEY `department_id` (`department_id`);

--
-- AUTO_INCREMENT for dumped tables
--

--
-- AUTO_INCREMENT for table `assignments`
--
ALTER TABLE `assignments`
  MODIFY `id` int(11) NOT NULL AUTO_INCREMENT;

--
-- AUTO_INCREMENT for table `attendance`
--
ALTER TABLE `attendance`
  MODIFY `id` int(11) NOT NULL AUTO_INCREMENT, AUTO_INCREMENT=216;

--
-- AUTO_INCREMENT for table `courses`
--
ALTER TABLE `courses`
  MODIFY `id` int(11) NOT NULL AUTO_INCREMENT;

--
-- AUTO_INCREMENT for table `course_materials`
--
ALTER TABLE `course_materials`
  MODIFY `id` int(11) NOT NULL AUTO_INCREMENT, AUTO_INCREMENT=3;

--
-- AUTO_INCREMENT for table `departments`
--
ALTER TABLE `departments`
  MODIFY `id` int(11) NOT NULL AUTO_INCREMENT, AUTO_INCREMENT=5;

--
-- AUTO_INCREMENT for table `end_exams`
--
ALTER TABLE `end_exams`
  MODIFY `id` int(11) NOT NULL AUTO_INCREMENT;

--
-- AUTO_INCREMENT for table `marks`
--
ALTER TABLE `marks`
  MODIFY `id` int(11) NOT NULL AUTO_INCREMENT;

--
-- AUTO_INCREMENT for table `medicals`
--
ALTER TABLE `medicals`
  MODIFY `id` int(11) NOT NULL AUTO_INCREMENT, AUTO_INCREMENT=3;

--
-- AUTO_INCREMENT for table `medical_sessions`
--
ALTER TABLE `medical_sessions`
  MODIFY `id` int(11) NOT NULL AUTO_INCREMENT, AUTO_INCREMENT=8;

--
-- AUTO_INCREMENT for table `mid_exams`
--
ALTER TABLE `mid_exams`
  MODIFY `id` int(11) NOT NULL AUTO_INCREMENT;

--
-- AUTO_INCREMENT for table `notices`
--
ALTER TABLE `notices`
  MODIFY `id` int(11) NOT NULL AUTO_INCREMENT, AUTO_INCREMENT=14;

--
-- AUTO_INCREMENT for table `quizzes`
--
ALTER TABLE `quizzes`
  MODIFY `id` int(11) NOT NULL AUTO_INCREMENT;

--
-- AUTO_INCREMENT for table `sessions`
--
ALTER TABLE `sessions`
  MODIFY `id` int(11) NOT NULL AUTO_INCREMENT;

--
-- AUTO_INCREMENT for table `timetable_sessions`
--
ALTER TABLE `timetable_sessions`
  MODIFY `id` int(11) NOT NULL AUTO_INCREMENT, AUTO_INCREMENT=10;

--
-- AUTO_INCREMENT for table `student_course_registrations`
--
ALTER TABLE `student_course_registrations`
  MODIFY `id` int(11) NOT NULL AUTO_INCREMENT;

--
-- AUTO_INCREMENT for table `users`
--
ALTER TABLE `users`
  MODIFY `id` int(11) NOT NULL AUTO_INCREMENT, AUTO_INCREMENT=33;

--
-- Constraints for dumped tables
--

--
-- Constraints for table `assignments`
--
ALTER TABLE `assignments`
  ADD CONSTRAINT `fk_assignments_mark` FOREIGN KEY (`mark_id`) REFERENCES `marks` (`id`) ON DELETE CASCADE ON UPDATE CASCADE;

--
-- Constraints for table `attendance`
--
ALTER TABLE `attendance`
  ADD CONSTRAINT `fk_attendance_marked_by` FOREIGN KEY (`marked_by`) REFERENCES `users` (`id`) ON DELETE CASCADE ON UPDATE CASCADE,
  ADD CONSTRAINT `fk_attendance_session` FOREIGN KEY (`session_id`) REFERENCES `sessions` (`id`) ON DELETE CASCADE ON UPDATE CASCADE,
  ADD CONSTRAINT `fk_attendance_student` FOREIGN KEY (`student_reg_no`) REFERENCES `student` (`registration_no`) ON DELETE CASCADE ON UPDATE CASCADE;

--
-- Constraints for table `courses`
--
ALTER TABLE `courses`
  ADD CONSTRAINT `courses_ibfk_1` FOREIGN KEY (`department_id`) REFERENCES `departments` (`id`) ON DELETE CASCADE ON UPDATE CASCADE,
  ADD CONSTRAINT `courses_ibfk_2` FOREIGN KEY (`lecturer_in_charge_id`) REFERENCES `users` (`id`) ON DELETE SET NULL ON UPDATE CASCADE;

--
-- Constraints for table `course_materials`
--
ALTER TABLE `course_materials`
  ADD CONSTRAINT `fk_course_materials_course` FOREIGN KEY (`course_id`) REFERENCES `courses` (`id`) ON DELETE CASCADE ON UPDATE CASCADE,
  ADD CONSTRAINT `fk_course_materials_uploaded_by` FOREIGN KEY (`uploaded_by`) REFERENCES `users` (`id`) ON DELETE CASCADE ON UPDATE CASCADE;

--
-- Constraints for table `end_exams`
--
ALTER TABLE `end_exams`
  ADD CONSTRAINT `fk_end_exams_mark` FOREIGN KEY (`mark_id`) REFERENCES `marks` (`id`) ON DELETE CASCADE ON UPDATE CASCADE;

--
-- Constraints for table `marks`
--
ALTER TABLE `marks`
  ADD CONSTRAINT `fk_marks_course` FOREIGN KEY (`course_id`) REFERENCES `courses` (`id`) ON DELETE CASCADE ON UPDATE CASCADE,
  ADD CONSTRAINT `fk_marks_student` FOREIGN KEY (`student_reg_no`) REFERENCES `student` (`registration_no`) ON DELETE CASCADE ON UPDATE CASCADE;

--
-- Constraints for table `medicals`
--
ALTER TABLE `medicals`
  ADD CONSTRAINT `fk_medicals_approved_by` FOREIGN KEY (`approved_by`) REFERENCES `users` (`id`) ON DELETE SET NULL ON UPDATE CASCADE,
  ADD CONSTRAINT `fk_medicals_student` FOREIGN KEY (`student_reg_no`) REFERENCES `student` (`registration_no`) ON DELETE CASCADE ON UPDATE CASCADE;

--
-- Constraints for table `medical_sessions`
--
ALTER TABLE `medical_sessions`
  ADD CONSTRAINT `fk_medical_sessions_medical` FOREIGN KEY (`medical_id`) REFERENCES `medicals` (`id`) ON DELETE CASCADE ON UPDATE CASCADE,
  ADD CONSTRAINT `fk_medical_sessions_session` FOREIGN KEY (`session_id`) REFERENCES `sessions` (`id`) ON DELETE CASCADE ON UPDATE CASCADE;

--
-- Constraints for table `mid_exams`
--
ALTER TABLE `mid_exams`
  ADD CONSTRAINT `fk_mid_exams_mark` FOREIGN KEY (`mark_id`) REFERENCES `marks` (`id`) ON DELETE CASCADE ON UPDATE CASCADE;

--
-- Constraints for table `notices`
--
ALTER TABLE `notices`
  ADD CONSTRAINT `fk_notices_created_by` FOREIGN KEY (`created_by`) REFERENCES `users` (`id`) ON DELETE CASCADE ON UPDATE CASCADE;

--
-- Constraints for table `quizzes`
--
ALTER TABLE `quizzes`
  ADD CONSTRAINT `fk_quizzes_mark` FOREIGN KEY (`mark_id`) REFERENCES `marks` (`id`) ON DELETE CASCADE ON UPDATE CASCADE;

--
-- Constraints for table `sessions`
--
ALTER TABLE `sessions`
  ADD CONSTRAINT `fk_sessions_timetable_session` FOREIGN KEY (`timetable_session_id`) REFERENCES `timetable_sessions` (`id`) ON DELETE CASCADE ON UPDATE CASCADE;

--
-- Constraints for table `staff`
--
ALTER TABLE `staff`
  ADD CONSTRAINT `staff_ibfk_1` FOREIGN KEY (`user_id`) REFERENCES `users` (`id`) ON DELETE CASCADE;

--
-- Constraints for table `student`
--
ALTER TABLE `student`
  ADD CONSTRAINT `student_ibfk_1` FOREIGN KEY (`user_id`) REFERENCES `users` (`id`) ON DELETE CASCADE;

--
-- Constraints for table `student_course_registrations`
--
ALTER TABLE `student_course_registrations`
  ADD CONSTRAINT `fk_student_course_registrations_course` FOREIGN KEY (`course_id`) REFERENCES `courses` (`id`) ON DELETE CASCADE ON UPDATE CASCADE,
  ADD CONSTRAINT `fk_student_course_registrations_user` FOREIGN KEY (`student_user_id`) REFERENCES `users` (`id`) ON DELETE CASCADE ON UPDATE CASCADE;

--
-- Constraints for table `timetable_sessions`
--
ALTER TABLE `timetable_sessions`
  ADD CONSTRAINT `fk_timetable_sessions_course` FOREIGN KEY (`course_id`) REFERENCES `courses` (`id`) ON DELETE CASCADE ON UPDATE CASCADE,
  ADD CONSTRAINT `fk_timetable_sessions_lecturer` FOREIGN KEY (`lecturer_id`) REFERENCES `users` (`id`) ON DELETE SET NULL ON UPDATE CASCADE;

--
-- Constraints for table `users`
--
ALTER TABLE `users`
  ADD CONSTRAINT `users_ibfk_1` FOREIGN KEY (`department_id`) REFERENCES `departments` (`id`) ON DELETE CASCADE;
COMMIT;

/*!40101 SET CHARACTER_SET_CLIENT=@OLD_CHARACTER_SET_CLIENT */;
/*!40101 SET CHARACTER_SET_RESULTS=@OLD_CHARACTER_SET_RESULTS */;
/*!40101 SET COLLATION_CONNECTION=@OLD_COLLATION_CONNECTION */;
